Workbook

Sheet Dashboard
A1: Thai SET Trading Model — Live Signal Dashboard
A2: As of 10 April 2026 | Signals based on RSI(14), SMA50 cross, and MACD(12,26,9) | For educational purposes only — not financial advice
A3: Instrument | B3: Last Date | C3: Close Price | D3: RSI (14) | E3: SMA 20 | F3: SMA 50 | G3: SMA 200 | H3: RSI Signal | I3: MA Signal | J3: MACD Signal | K3: Score | L3: OVERALL SIGNAL
A4: SET_Index | B4: =SET_Index!A254 -> 46122 | C4: =SET_Index!E254 -> 1727.09 | D4: =SET_Index!M254 -> 44.217521 | E4: =SET_Index!N254 -> 1754.792 | F4: =SET_Index!O254 -> 1748.6124 | G4: =SET_Index!P254 -> 1564.1182 | H4: =SET_Index!V254 -> HOLD | I4: =SET_Index!W254 -> SELL | J4: =SET_Index!X254 -> SELL | K4: =SET_Index!Y254 -> -2 | L4: =SET_Index!Z254 -> STRONG SELL
A5: PTT | B5: =PTT!A254 -> 46122 | C5: =PTT!E254 -> 28.62 | D5: =PTT!M254 -> 44.388517 | E5: =PTT!N254 -> 28.967 | F5: =PTT!O254 -> 29.6456 | G5: =PTT!P254 -> 33.4211 | H5: =PTT!V254 -> HOLD | I5: =PTT!W254 -> SELL | J5: =PTT!X254 -> SELL | K5: =PTT!Y254 -> -2 | L5: =PTT!Z254 -> STRONG SELL
A6: KBANK | B6: =KBANK!A254 -> 46122 | C6: =KBANK!E254 -> 176.11 | D6: =KBANK!M254 -> 52.363123 | E6: =KBANK!N254 -> 177.406 | F6: =KBANK!O254 -> 167.6362 | G6: =KBANK!P254 -> 148.65285 | H6: =KBANK!V254 -> HOLD | I6: =KBANK!W254 -> BUY | J6: =KBANK!X254 -> SELL | K6: =KBANK!Y254 -> 0 | L6: =KBANK!Z254 -> HOLD
A7: AOT | B7: =AOT!A254 -> 46122 | C7: =AOT!E254 -> 65.27 | D7: =AOT!M254 -> 38.345555 | E7: =AOT!N254 -> 67.768 | F7: =AOT!O254 -> 69.233 | G7: =AOT!P254 -> 66.7676 | H7: =AOT!V254 -> HOLD | I7: =AOT!W254 -> SELL | J7: =AOT!X254 -> SELL | K7: =AOT!Y254 -> -2 | L7: =AOT!Z254 -> STRONG SELL
A8: ADVANC | B8: =ADVANC!A254 -> 46122 | C8: =ADVANC!E254 -> 248.13 | D8: =ADVANC!M254 -> 40.898125 | E8: =ADVANC!N254 -> 255.2925 | F8: =ADVANC!O254 -> 254.2184 | G8: =ADVANC!P254 -> 235.75285 | H8: =ADVANC!V254 -> HOLD | I8: =ADVANC!W254 -> SELL | J8: =ADVANC!X254 -> SELL | K8: =ADVANC!Y254 -> -2 | L8: =ADVANC!Z254 -> STRONG SELL
A11: HOW TO USE THIS MODEL
A12: 1. ENTER YOUR DATA: Go to any instrument sheet (SET_Index, PTT, KBANK, AOT, ADVANC). Replace the blue input cells (columns A–F) with real price data from your broker or Bloomberg.
A13: 2. ADJUST PARAMETERS: Go to the Assumptions sheet to change RSI thresholds, MA periods, etc. Signal formulas will auto-update.
A14: 3. READ SIGNALS: Each row shows RSI Signal, MA Signal, and MACD Signal. The OVERALL column combines all three: STRONG BUY (3/3 bullish), BUY (2/3), HOLD (mixed), SELL (2/3 bearish), STRONG SELL (3/3 bearish).
A15: 4. ADD MORE STOCKS: Duplicate any instrument sheet (right-click tab → Move or Copy) and replace the data in columns A–F with your new stock's data.
A16: 5. SIGNAL LOGIC: RSI Signal — RSI<30=BUY, RSI>70=SELL | MA Signal — Close>SMA50=BUY, Close<SMA50=SELL | MACD Signal — MACD>Signal=BUY, MACD<Signal=SELL
A17: ⚠ Note: SMA200 requires 200 days of data. Score/Overall signals begin after 50 days (when SMA50 becomes active). First 50 rows show partial signals only.

Sheet SET_Index
A1: Thai SET Trading Model | SET_Index | Rule-Based Buy/Sell Signals
A2: Date | B2: Open | C2: High | D2: Low | E2: Close (Points) | F2: Volume | G2: Change | H2: % Change | I2: Gain | J2: Loss | K2: Avg Gain 14 | L2: Avg Loss 14 | M2: RSI (14) | N2: SMA 20 | O2: SMA 50 | P2: SMA 200 | Q2: EMA 12 | R2: EMA 26 | S2: MACD Line | T2: Signal Line | U2: Histogram | V2: RSI Signal | W2: MA Signal | X2: MACD Signal | Y2: Score | Z2: OVERALL
A3: 45771 | B3: 1360.4 | C3: 1367.42 | D3: 1342.58 | E3: 1355 | F3: 5852946
A4: 45772 | B4: 1353.2 | C4: 1380.42 | D4: 1326.34 | E4: 1353.38 | F4: 6085611 | G4: =E4-E3 -> -1.62 | H4: =G4/E3 -> -0.001195572 | I4: =MAX(G4,0) -> 0 | J4: =MAX(-G4,0) -> 1.62
A5: 45775 | B5: 1350.21 | C5: 1353.9 | D5: 1348.92 | E5: 1351.41 | F5: 9053299 | G5: =E5-E4 -> -1.97 | H5: =G5/E4 -> -0.0014556148 | I5: =MAX(G5,0) -> 0 | J5: =MAX(-G5,0) -> 1.97
A6: 45776 | B6: 1342.65 | C6: 1362.4 | D6: 1337.98 | E6: 1350.19 | F6: 4300268 | G6: =E6-E5 -> -1.22 | H6: =G6/E5 -> -0.00090276082 | I6: =MAX(G6,0) -> 0 | J6: =MAX(-G6,0) -> 1.22
A7: 45777 | B7: 1362.37 | C7: 1362.37 | D7: 1355.39 | E7: 1358.88 | F7: 2640217 | G7: =E7-E6 -> 8.69 | H7: =G7/E6 -> 0.0064361312 | I7: =MAX(G7,0) -> 8.69 | J7: =MAX(-G7,0) -> 0
A8: 45778 | B8: 1347.15 | C8: 1375.83 | D8: 1339.09 | E8: 1357.46 | F8: 4875554 | G8: =E8-E7 -> -1.42 | H8: =G8/E7 -> -0.0010449782 | I8: =MAX(G8,0) -> 0 | J8: =MAX(-G8,0) -> 1.42
A9: 45779 | B9: 1340.25 | C9: 1340.25 | D9: 1338.59 | E9: 1339.42 | F9: 3653069 | G9: =E9-E8 -> -18.04 | H9: =G9/E8 -> -0.013289526 | I9: =MAX(G9,0) -> 0 | J9: =MAX(-G9,0) -> 18.04
A10: 45782 | B10: 1333.7 | C10: 1353.44 | D10: 1333.7 | E10: 1343.57 | F10: 5576077 | G10: =E10-E9 -> 4.15 | H10: =G10/E9 -> 0.003098356 | I10: =MAX(G10,0) -> 4.15 | J10: =MAX(-G10,0) -> 0
A11: 45783 | B11: 1343.46 | C11: 1343.46 | D11: 1337.5 | E11: 1340.48 | F11: 6383892 | G11: =E11-E10 -> -3.09 | H11: =G11/E10 -> -0.002299843 | I11: =MAX(G11,0) -> 0 | J11: =MAX(-G11,0) -> 3.09
A12: 45784 | B12: 1339.53 | C12: 1339.53 | D12: 1336.47 | E12: 1338 | F12: 4761357 | G12: =E12-E11 -> -2.48 | H12: =G12/E11 -> -0.0018500836 | I12: =MAX(G12,0) -> 0 | J12: =MAX(-G12,0) -> 2.48
A13: 45785 | B13: 1336.74 | C13: 1344.84 | D13: 1334.22 | E13: 1339.53 | F13: 3976579 | G13: =E13-E12 -> 1.53 | H13: =G13/E12 -> 0.0011434978 | I13: =MAX(G13,0) -> 1.53 | J13: =MAX(-G13,0) -> 0
A14: 45786 | B14: 1343.31 | C14: 1359.91 | D14: 1325.03 | E14: 1342.47 | F14: 5437299 | G14: =E14-E13 -> 2.94 | H14: =G14/E13 -> 0.0021947997 | I14: =MAX(G14,0) -> 2.94 | J14: =MAX(-G14,0) -> 0 | Q14: =AVERAGE(E3:E14) -> 1347.4825
A15: 45789 | B15: 1353.79 | C15: 1359.69 | D15: 1353.79 | E15: 1356.74 | F15: 5650656 | G15: =E15-E14 -> 14.27 | H15: =G15/E14 -> 0.01062966 | I15: =MAX(G15,0) -> 14.27 | J15: =MAX(-G15,0) -> 0 | Q15: =Q14+(2/13)*(E15-Q14) -> 1348.9067
A16: 45790 | B16: 1365.13 | C16: 1378.98 | D16: 1350.86 | E16: 1364.92 | F16: 4111641 | G16: =E16-E15 -> 8.18 | H16: =G16/E15 -> 0.0060291581 | I16: =MAX(G16,0) -> 8.18 | J16: =MAX(-G16,0) -> 0 | Q16: =Q15+(2/13)*(E16-Q15) -> 1351.3703
A17: 45791 | B17: 1366.03 | C17: 1371.26 | D17: 1361.56 | E17: 1366.41 | F17: 2786660 | G17: =E17-E16 -> 1.49 | H17: =G17/E16 -> 0.0010916391 | I17: =MAX(G17,0) -> 1.49 | J17: =MAX(-G17,0) -> 0 | K17: =AVERAGE(I4:I17) -> 2.9464286 | L17: =AVERAGE(J4:J17) -> 2.1314286 | M17: =IF(L17=0,100,100-100/(1+K17/MAX(L17,0.000001))) -> 58.025039 | Q17: =Q16+(2/13)*(E17-Q16) -> 1353.6841 | V17: =IF(M17="","",IF(M17<Assumptions!$B$5,"BUY",IF(M17>Assumptions!$B$4,"SELL","HOLD"))) -> HOLD
A18: 45792 | B18: 1357.83 | C18: 1358.52 | D18: 1356.48 | E18: 1357.5 | F18: 8228187 | G18: =E18-E17 -> -8.91 | H18: =G18/E17 -> -0.0065207368 | I18: =MAX(G18,0) -> 0 | J18: =MAX(-G18,0) -> 8.91 | K18: =(K17*13+I18)/14 -> 2.7359694 | L18: =(L17*13+J18)/14 -> 2.6156122 | M18: =IF(L18=0,100,100-100/(1+K18/MAX(L18,0.000001))) -> 51.124501 | Q18: =Q17+(2/13)*(E18-Q17) -> 1354.2712 | V18: =IF(M18="","",IF(M18<Assumptions!$B$5,"BUY",IF(M18>Assumptions!$B$4,"SELL","HOLD"))) -> HOLD
A19: 45793 | B19: 1350.87 | C19: 1352.91 | D19: 1337.67 | E19: 1345.29 | F19: 3752340 | G19: =E19-E18 -> -12.21 | H19: =G19/E18 -> -0.0089944751 | I19: =MAX(G19,0) -> 0 | J19: =MAX(-G19,0) -> 12.21 | K19: =(K18*13+I19)/14 -> 2.540543 | L19: =(L18*13+J19)/14 -> 3.3009257 | M19: =IF(L19=0,100,100-100/(1+K19/MAX(L19,0.000001))) -> 43.491511 | Q19: =Q18+(2/13)*(E19-Q18) -> 1352.8895 | V19: =IF(M19="","",IF(M19<Assumptions!$B$5,"BUY",IF(M19>Assumptions!$B$4,"SELL","HOLD"))) -> HOLD
A20: 45796 | B20: 1342.99 | C20: 1353.83 | D20: 1342.99 | E20: 1348.41 | F20: 5545931 | G20: =E20-E19 -> 3.12 | H20: =G20/E19 -> 0.0023192026 | I20: =MAX(G20,0) -> 3.12 | J20: =MAX(-G20,0) -> 0 | K20: =(K19*13+I20)/14 -> 2.5819328 | L20: =(L19*13+J20)/14 -> 3.0651453 | M20: =IF(L20=0,100,100-100/(1+K20/MAX(L20,0.000001))) -> 45.721571 | Q20: =Q19+(2/13)*(E20-Q19) -> 1352.2003 | V20: =IF(M20="","",IF(M20<Assumptions!$B$5,"BUY",IF(M20>Assumptions!$B$4,"SELL","HOLD"))) -> HOLD
A21: 45797 | B21: 1361.12 | C21: 1367.98 | D21: 1361.12 | E21: 1364.55 | F21: 8498914 | G21: =E21-E20 -> 16.14 | H21: =G21/E20 -> 0.011969653 | I21: =MAX(G21,0) -> 16.14 | J21: =MAX(-G21,0) -> 0 | K21: =(K20*13+I21)/14 -> 3.5503662 | L21: =(L20*13+J21)/14 -> 2.8462063 | M21: =IF(L21=0,100,100-100/(1+K21/MAX(L21,0.000001))) -> 55.504197 | Q21: =Q20+(2/13)*(E21-Q20) -> 1354.1003 | V21: =IF(M21="","",IF(M21<Assumptions!$B$5,"BUY",IF(M21>Assumptions!$B$4,"SELL","HOLD"))) -> HOLD
A22: 45798 | B22: 1360.55 | C22: 1369.85 | D22: 1360.55 | E22: 1365.2 | F22: 5967504 | G22: =E22-E21 -> 0.65 | H22: =G22/E21 -> 0.00047634751 | I22: =MAX(G22,0) -> 0.65 | J22: =MAX(-G22,0) -> 0 | K22: =(K21*13+I22)/14 -> 3.3431971 | L22: =(L21*13+J22)/14 -> 2.6429059 | M22: =IF(L22=0,100,100-100/(1+K22/MAX(L22,0.000001))) -> 55.849309 | N22: =AVERAGE(E3:E22) -> 1351.9405 | Q22: =Q21+(2/13)*(E22-Q21) -> 1355.8079 | V22: =IF(M22="","",IF(M22<Assumptions!$B$5,"BUY",IF(M22>Assumptions!$B$4,"SELL","HOLD"))) -> HOLD
A23: 45799 | B23: 1364.04 | C23: 1367.36 | D23: 1360.7 | E23: 1364.03 | F23: 5815088 | G23: =E23-E22 -> -1.17 | H23: =G23/E22 -> -0.00085701729 | I23: =MAX(G23,0) -> 0 | J23: =MAX(-G23,0) -> 1.17 | K23: =(K22*13+I23)/14 -> 3.1043974 | L23: =(L22*13+J23)/14 -> 2.5376983 | M23: =IF(L23=0,100,100-100/(1+K23/MAX(L23,0.000001))) -> 55.022062 | N23: =AVERAGE(E4:E23) -> 1352.392 | Q23: =Q22+(2/13)*(E23-Q22) -> 1357.0728 | V23: =IF(M23="","",IF(M23<Assumptions!$B$5,"BUY",IF(M23>Assumptions!$B$4,"SELL","HOLD"))) -> HOLD
A24: 45800 | B24: 1367.5 | C24: 1373.92 | D24: 1367.5 | E24: 1370.71 | F24: 2972940 | G24: =E24-E23 -> 6.68 | H24: =G24/E23 -> 0.004897253 | I24: =MAX(G24,0) -> 6.68 | J24: =MAX(-G24,0) -> 0 | K24: =(K23*13+I24)/14 -> 3.3597975 | L24: =(L23*13+J24)/14 -> 2.3564341 | M24: =IF(L24=0,100,100-100/(1+K24/MAX(L24,0.000001))) -> 58.776441 | N24: =AVERAGE(E5:E24) -> 1353.2585 | Q24: =Q23+(2/13)*(E24-Q23) -> 1359.1709 | V24: =IF(M24="","",IF(M24<Assumptions!$B$5,"BUY",IF(M24>Assumptions!$B$4,"SELL","HOLD"))) -> HOLD
A25: 45803 | B25: 1359.3 | C25: 1359.3 | D25: 1346.76 | E25: 1353.03 | F25: 8330517 | G25: =E25-E24 -> -17.68 | H25: =G25/E24 -> -0.012898425 | I25: =MAX(G25,0) -> 0 | J25: =MAX(-G25,0) -> 17.68 | K25: =(K24*13+I25)/14 -> 3.119812 | L25: =(L24*13+J25)/14 -> 3.4509745 | M25: =IF(L25=0,100,100-100/(1+K25/MAX(L25,0.000001))) -> 47.480039 | N25: =AVERAGE(E6:E25) -> 1353.3395 | Q25: =Q24+(2/13)*(E25-Q24) -> 1358.2261 | V25: =IF(M25="","",IF(M25<Assumptions!$B$5,"BUY",IF(M25>Assumptions!$B$4,"SELL","HOLD"))) -> HOLD
A26: 45804 | B26: 1338.32 | C26: 1363.97 | D26: 1334.77 | E26: 1349.37 | F26: 6346593 | G26: =E26-E25 -> -3.66 | H26: =G26/E25 -> -0.0027050398 | I26: =MAX(G26,0) -> 0 | J26: =MAX(-G26,0) -> 3.66 | K26: =(K25*13+I26)/14 -> 2.8969683 | L26: =(L25*13+J26)/14 -> 3.4659049 | M26: =IF(L26=0,100,100-100/(1+K26/MAX(L26,0.000001))) -> 45.529247 | N26: =AVERAGE(E7:E26) -> 1353.2985 | Q26: =Q25+(2/13)*(E26-Q25) -> 1356.8636 | V26: =IF(M26="","",IF(M26<Assumptions!$B$5,"BUY",IF(M26>Assumptions!$B$4,"SELL","HOLD"))) -> HOLD
A27: 45805 | B27: 1364.25 | C27: 1371.05 | D27: 1339.89 | E27: 1355.47 | F27: 5443361 | G27: =E27-E26 -> 6.1 | H27: =G27/E26 -> 0.0045206281 | I27: =MAX(G27,0) -> 6.1 | J27: =MAX(-G27,0) -> 0 | K27: =(K26*13+I27)/14 -> 3.1257563 | L27: =(L26*13+J27)/14 -> 3.2183403 | M27: =IF(L27=0,100,100-100/(1+K27/MAX(L27,0.000001))) -> 49.270314 | N27: =AVERAGE(E8:E27) -> 1353.128 | Q27: =Q26+(2/13)*(E27-Q26) -> 1356.6492 | V27: =IF(M27="","",IF(M27<Assumptions!$B$5,"BUY",IF(M27>Assumptions!$B$4,"SELL","HOLD"))) -> HOLD
A28: 45806 | B28: 1375.66 | C28: 1375.66 | D28: 1356.94 | E28: 1366.3 | F28: 6126949 | G28: =E28-E27 -> 10.83 | H28: =G28/E27 -> 0.0079898485 | I28: =MAX(G28,0) -> 10.83 | J28: =MAX(-G28,0) -> 0 | K28: =(K27*13+I28)/14 -> 3.6760594 | L28: =(L27*13+J28)/14 -> 2.9884589 | M28: =IF(L28=0,100,100-100/(1+K28/MAX(L28,0.000001))) -> 55.158667 | N28: =AVERAGE(E9:E28) -> 1353.57 | Q28: =Q27+(2/13)*(E28-Q27) -> 1358.134 | R28: =AVERAGE(E3:E28) -> 1353.7585 | S28: =Q28-R28 -> 4.3755064 | V28: =IF(M28="","",IF(M28<Assumptions!$B$5,"BUY",IF(M28>Assumptions!$B$4,"SELL","HOLD"))) -> HOLD
A29: 45807 | B29: 1365.08 | C29: 1378.95 | D29: 1348.01 | E29: 1363.48 | F29: 3720505 | G29: =E29-E28 -> -2.82 | H29: =G29/E28 -> -0.0020639684 | I29: =MAX(G29,0) -> 0 | J29: =MAX(-G29,0) -> 2.82 | K29: =(K28*13+I29)/14 -> 3.4134837 | L29: =(L28*13+J29)/14 -> 2.9764261 | M29: =IF(L29=0,100,100-100/(1+K29/MAX(L29,0.000001))) -> 53.419905 | N29: =AVERAGE(E10:E29) -> 1354.773 | Q29: =Q28+(2/13)*(E29-Q28) -> 1358.9564 | R29: =R28+(2/27)*(E29-R28) -> 1354.4786 | S29: =Q29-R29 -> 4.4778589 | V29: =IF(M29="","",IF(M29<Assumptions!$B$5,"BUY",IF(M29>Assumptions!$B$4,"SELL","HOLD"))) -> HOLD
A30: 45810 | B30: 1367.34 | C30: 1369.16 | D30: 1367.34 | E30: 1368.25 | F30: 7403614 | G30: =E30-E29 -> 4.77 | H30: =G30/E29 -> 0.0034984011 | I30: =MAX(G30,0) -> 4.77 | J30: =MAX(-G30,0) -> 0 | K30: =(K29*13+I30)/14 -> 3.5103777 | L30: =(L29*13+J30)/14 -> 2.7638242 | M30: =IF(L30=0,100,100-100/(1+K30/MAX(L30,0.000001))) -> 55.94939 | N30: =AVERAGE(E11:E30) -> 1356.007 | Q30: =Q29+(2/13)*(E30-Q29) -> 1360.3862 | R30: =R29+(2/27)*(E30-R29) -> 1355.4987 | S30: =Q30-R30 -> 4.8875327 | V30: =IF(M30="","",IF(M30<Assumptions!$B$5,"BUY",IF(M30>Assumptions!$B$4,"SELL","HOLD"))) -> HOLD
A31: 45811 | B31: 1373.19 | C31: 1383.16 | D31: 1359.74 | E31: 1371.45 | F31: 8174829 | G31: =E31-E30 -> 3.2 | H31: =G31/E30 -> 0.0023387539 | I31: =MAX(G31,0) -> 3.2 | J31: =MAX(-G31,0) -> 0 | K31: =(K30*13+I31)/14 -> 3.4882079 | L31: =(L30*13+J31)/14 -> 2.5664082 | M31: =IF(L31=0,100,100-100/(1+K31/MAX(L31,0.000001))) -> 57.612371 | N31: =AVERAGE(E12:E31) -> 1357.5555 | Q31: =Q30+(2/13)*(E31-Q30) -> 1362.0883 | R31: =R30+(2/27)*(E31-R30) -> 1356.6803 | S31: =Q31-R31 -> 5.4080745 | V31: =IF(M31="","",IF(M31<Assumptions!$B$5,"BUY",IF(M31>Assumptions!$B$4,"SELL","HOLD"))) -> HOLD
A32: 45812 | B32: 1382.44 | C32: 1388.13 | D32: 1374.43 | E32: 1381.28 | F32: 5353502 | G32: =E32-E31 -> 9.83 | H32: =G32/E31 -> 0.0071675963 | I32: =MAX(G32,0) -> 9.83 | J32: =MAX(-G32,0) -> 0 | K32: =(K31*13+I32)/14 -> 3.9411931 | L32: =(L31*13+J32)/14 -> 2.3830933 | M32: =IF(L32=0,100,100-100/(1+K32/MAX(L32,0.000001))) -> 62.318384 | N32: =AVERAGE(E13:E32) -> 1359.7195 | Q32: =Q31+(2/13)*(E32-Q31) -> 1365.0409 | R32: =R31+(2/27)*(E32-R31) -> 1358.5025 | S32: =Q32-R32 -> 6.5384354 | V32: =IF(M32="","",IF(M32<Assumptions!$B$5,"BUY",IF(M32>Assumptions!$B$4,"SELL","HOLD"))) -> HOLD
A33: 45813 | B33: 1371.2 | C33: 1373.31 | D33: 1361.99 | E33: 1367.65 | F33: 5169837 | G33: =E33-E32 -> -13.63 | H33: =G33/E32 -> -0.009867659 | I33: =MAX(G33,0) -> 0 | J33: =MAX(-G33,0) -> 13.63 | K33: =(K32*13+I33)/14 -> 3.6596793 | L33: =(L32*13+J33)/14 -> 3.1864438 | M33: =IF(L33=0,100,100-100/(1+K33/MAX(L33,0.000001))) -> 53.45623 | N33: =AVERAGE(E14:E33) -> 1361.1255 | Q33: =Q32+(2/13)*(E33-Q32) -> 1365.4423 | R33: =R32+(2/27)*(E33-R32) -> 1359.1801 | S33: =Q33-R33 -> 6.2622403 | V33: =IF(M33="","",IF(M33<Assumptions!$B$5,"BUY",IF(M33>Assumptions!$B$4,"SELL","HOLD"))) -> HOLD
A34: 45814 | B34: 1382.58 | C34: 1382.58 | D34: 1367.02 | E34: 1374.8 | F34: 6385326 | G34: =E34-E33 -> 7.15 | H34: =G34/E33 -> 0.0052279457 | I34: =MAX(G34,0) -> 7.15 | J34: =MAX(-G34,0) -> 0 | K34: =(K33*13+I34)/14 -> 3.9089879 | L34: =(L33*13+J34)/14 -> 2.9588407 | M34: =IF(L34=0,100,100-100/(1+K34/MAX(L34,0.000001))) -> 56.917377 | N34: =AVERAGE(E15:E34) -> 1362.742 | Q34: =Q33+(2/13)*(E34-Q33) -> 1366.8819 | R34: =R33+(2/27)*(E34-R33) -> 1360.3371 | S34: =Q34-R34 -> 6.544854 | V34: =IF(M34="","",IF(M34<Assumptions!$B$5,"BUY",IF(M34>Assumptions!$B$4,"SELL","HOLD"))) -> HOLD
A35: 45817 | B35: 1354.96 | C35: 1357.68 | D35: 1354.96 | E35: 1356.32 | F35: 3627365 | G35: =E35-E34 -> -18.48 | H35: =G35/E34 -> -0.013441955 | I35: =MAX(G35,0) -> 0 | J35: =MAX(-G35,0) -> 18.48 | K35: =(K34*13+I35)/14 -> 3.6297745 | L35: =(L34*13+J35)/14 -> 4.0674949 | M35: =IF(L35=0,100,100-100/(1+K35/MAX(L35,0.000001))) -> 47.156651 | N35: =AVERAGE(E16:E35) -> 1362.721 | Q35: =Q34+(2/13)*(E35-Q34) -> 1365.257 | R35: =R34+(2/27)*(E35-R34) -> 1360.0395 | S35: =Q35-R35 -> 5.2175016 | V35: =IF(M35="","",IF(M35<Assumptions!$B$5,"BUY",IF(M35>Assumptions!$B$4,"SELL","HOLD"))) -> HOLD
A36: 45818 | B36: 1324.07 | C36: 1334.63 | D36: 1315.07 | E36: 1324.85 | F36: 5804016 | G36: =E36-E35 -> -31.47 | H36: =G36/E35 -> -0.023202489 | I36: =MAX(G36,0) -> 0 | J36: =MAX(-G36,0) -> 31.47 | K36: =(K35*13+I36)/14 -> 3.3705049 | L36: =(L35*13+J36)/14 -> 6.0248167 | M36: =IF(L36=0,100,100-100/(1+K36/MAX(L36,0.000001))) -> 35.87429 | N36: =AVERAGE(E17:E36) -> 1360.7175 | Q36: =Q35+(2/13)*(E36-Q35) -> 1359.0406 | R36: =R35+(2/27)*(E36-R35) -> 1357.4329 | S36: =Q36-R36 -> 1.6076672 | T36: =AVERAGE(S28:S36) -> 5.035519 | U36: =S36-T36 -> -3.4278518 | V36: =IF(M36="","",IF(M36<Assumptions!$B$5,"BUY",IF(M36>Assumptions!$B$4,"SELL","HOLD"))) -> HOLD | X36: =IF(T36="","",IF(S36>T36,"BUY","SELL")) -> SELL
A37: 45819 | B37: 1319.23 | C37: 1319.23 | D37: 1316.31 | E37: 1317.77 | F37: 4797036 | G37: =E37-E36 -> -7.08 | H37: =G37/E36 -> -0.0053440012 | I37: =MAX(G37,0) -> 0 | J37: =MAX(-G37,0) -> 7.08 | K37: =(K36*13+I37)/14 -> 3.1297545 | L37: =(L36*13+J37)/14 -> 6.1001869 | M37: =IF(L37=0,100,100-100/(1+K37/MAX(L37,0.000001))) -> 33.908715 | N37: =AVERAGE(E18:E37) -> 1358.2855 | Q37: =Q36+(2/13)*(E37-Q36) -> 1352.6912 | R37: =R36+(2/27)*(E37-R36) -> 1354.4949 | S37: =Q37-R37 -> -1.803658 | T37: =T36+(2/10)*(S37-T36) -> 3.6676836 | U37: =S37-T37 -> -5.4713416 | V37: =IF(M37="","",IF(M37<Assumptions!$B$5,"BUY",IF(M37>Assumptions!$B$4,"SELL","HOLD"))) -> HOLD | X37: =IF(T37="","",IF(S37>T37,"BUY","SELL")) -> SELL
A38: 45820 | B38: 1306.12 | C38: 1313.07 | D38: 1301.09 | E38: 1307.08 | F38: 6451777 | G38: =E38-E37 -> -10.69 | H38: =G38/E37 -> -0.0081121895 | I38: =MAX(G38,0) -> 0 | J38: =MAX(-G38,0) -> 10.69 | K38: =(K37*13+I38)/14 -> 2.9062006 | L38: =(L37*13+J38)/14 -> 6.4280307 | M38: =IF(L38=0,100,100-100/(1+K38/MAX(L38,0.000001))) -> 31.134868 | N38: =AVERAGE(E19:E38) -> 1355.7645 | Q38: =Q37+(2/13)*(E38-Q37) -> 1345.6741 | R38: =R37+(2/27)*(E38-R37) -> 1350.9827 | S38: =Q38-R38 -> -5.3085577 | T38: =T37+(2/10)*(S38-T37) -> 1.8724353 | U38: =S38-T38 -> -7.1809931 | V38: =IF(M38="","",IF(M38<Assumptions!$B$5,"BUY",IF(M38>Assumptions!$B$4,"SELL","HOLD"))) -> HOLD | X38: =IF(T38="","",IF(S38>T38,"BUY","SELL")) -> SELL
A39: 45821 | B39: 1316.95 | C39: 1322.88 | D39: 1312.24 | E39: 1317.56 | F39: 3495389 | G39: =E39-E38 -> 10.48 | H39: =G39/E38 -> 0.0080178719 | I39: =MAX(G39,0) -> 10.48 | J39: =MAX(-G39,0) -> 0 | K39: =(K38*13+I39)/14 -> 3.4471863 | L39: =(L38*13+J39)/14 -> 5.9688857 | M39: =IF(L39=0,100,100-100/(1+K39/MAX(L39,0.000001))) -> 36.6096 | N39: =AVERAGE(E20:E39) -> 1354.378 | Q39: =Q38+(2/13)*(E39-Q38) -> 1341.3489 | R39: =R38+(2/27)*(E39-R38) -> 1348.5069 | S39: =Q39-R39 -> -7.158054 | T39: =T38+(2/10)*(S39-T38) -> 0.066337465 | U39: =S39-T39 -> -7.2243915 | V39: =IF(M39="","",IF(M39<Assumptions!$B$5,"BUY",IF(M39>Assumptions!$B$4,"SELL","HOLD"))) -> HOLD | X39: =IF(T39="","",IF(S39>T39,"BUY","SELL")) -> SELL
A40: 45824 | B40: 1321.67 | C40: 1333.07 | D40: 1318.11 | E40: 1325.59 | F40: 3277146 | G40: =E40-E39 -> 8.03 | H40: =G40/E39 -> 0.0060945991 | I40: =MAX(G40,0) -> 8.03 | J40: =MAX(-G40,0) -> 0 | K40: =(K39*13+I40)/14 -> 3.7745301 | L40: =(L39*13+J40)/14 -> 5.5425367 | M40: =IF(L40=0,100,100-100/(1+K40/MAX(L40,0.000001))) -> 40.512 | N40: =AVERAGE(E21:E40) -> 1353.237 | Q40: =Q39+(2/13)*(E40-Q39) -> 1338.9244 | R40: =R39+(2/27)*(E40-R39) -> 1346.8094 | S40: =Q40-R40 -> -7.8849465 | T40: =T39+(2/10)*(S40-T39) -> -1.5239193 | U40: =S40-T40 -> -6.3610272 | V40: =IF(M40="","",IF(M40<Assumptions!$B$5,"BUY",IF(M40>Assumptions!$B$4,"SELL","HOLD"))) -> HOLD | X40: =IF(T40="","",IF(S40>T40,"BUY","SELL")) -> SELL
A41: 45825 | B41: 1311.02 | C41: 1318.07 | D41: 1304.45 | E41: 1311.26 | F41: 7747676 | G41: =E41-E40 -> -14.33 | H41: =G41/E40 -> -0.010810281 | I41: =MAX(G41,0) -> 0 | J41: =MAX(-G41,0) -> 14.33 | K41: =(K40*13+I41)/14 -> 3.5049208 | L41: =(L40*13+J41)/14 -> 6.1702127 | M41: =IF(L41=0,100,100-100/(1+K41/MAX(L41,0.000001))) -> 36.226072 | N41: =AVERAGE(E22:E41) -> 1350.5725 | Q41: =Q40+(2/13)*(E41-Q40) -> 1334.6684 | R41: =R40+(2/27)*(E41-R40) -> 1344.1761 | S41: =Q41-R41 -> -9.5077261 | T41: =T40+(2/10)*(S41-T40) -> -3.1206807 | U41: =S41-T41 -> -6.3870454 | V41: =IF(M41="","",IF(M41<Assumptions!$B$5,"BUY",IF(M41>Assumptions!$B$4,"SELL","HOLD"))) -> HOLD | X41: =IF(T41="","",IF(S41>T41,"BUY","SELL")) -> SELL
A42: 45826 | B42: 1321.56 | C42: 1339.5 | D42: 1303.36 | E42: 1321.43 | F42: 2290969 | G42: =E42-E41 -> 10.17 | H42: =G42/E41 -> 0.0077558989 | I42: =MAX(G42,0) -> 10.17 | J42: =MAX(-G42,0) -> 0 | K42: =(K41*13+I42)/14 -> 3.9809979 | L42: =(L41*13+J42)/14 -> 5.7294832 | M42: =IF(L42=0,100,100-100/(1+K42/MAX(L42,0.000001))) -> 40.996917 | N42: =AVERAGE(E23:E42) -> 1348.384 | Q42: =Q41+(2/13)*(E42-Q41) -> 1332.6317 | R42: =R41+(2/27)*(E42-R41) -> 1342.4912 | S42: =Q42-R42 -> -9.8595024 | T42: =T41+(2/10)*(S42-T41) -> -4.468445 | U42: =S42-T42 -> -5.3910574 | V42: =IF(M42="","",IF(M42<Assumptions!$B$5,"BUY",IF(M42>Assumptions!$B$4,"SELL","HOLD"))) -> HOLD | X42: =IF(T42="","",IF(S42>T42,"BUY","SELL")) -> SELL
A43: 45827 | B43: 1309.31 | C43: 1312.7 | D43: 1306.7 | E43: 1309.7 | F43: 2395225 | G43: =E43-E42 -> -11.73 | H43: =G43/E42 -> -0.0088767472 | I43: =MAX(G43,0) -> 0 | J43: =MAX(-G43,0) -> 11.73 | K43: =(K42*13+I43)/14 -> 3.6966409 | L43: =(L42*13+J43)/14 -> 6.1580915 | M43: =IF(L43=0,100,100-100/(1+K43/MAX(L43,0.000001))) -> 37.511327 | N43: =AVERAGE(E24:E43) -> 1345.6675 | Q43: =Q42+(2/13)*(E43-Q42) -> 1329.1037 | R43: =R42+(2/27)*(E43-R42) -> 1340.0622 | S43: =Q43-R43 -> -10.958478 | T43: =T42+(2/10)*(S43-T42) -> -5.7664516 | U43: =S43-T43 -> -5.1920265 | V43: =IF(M43="","",IF(M43<Assumptions!$B$5,"BUY",IF(M43>Assumptions!$B$4,"SELL","HOLD"))) -> HOLD | X43: =IF(T43="","",IF(S43>T43,"BUY","SELL")) -> SELL
A44: 45828 | B44: 1310.31 | C44: 1310.78 | D44: 1306.84 | E44: 1308.81 | F44: 4196001 | G44: =E44-E43 -> -0.89 | H44: =G44/E43 -> -0.00067954493 | I44: =MAX(G44,0) -> 0 | J44: =MAX(-G44,0) -> 0.89 | K44: =(K43*13+I44)/14 -> 3.4325951 | L44: =(L43*13+J44)/14 -> 5.7817993 | M44: =IF(L44=0,100,100-100/(1+K44/MAX(L44,0.000001))) -> 37.252531 | N44: =AVERAGE(E25:E44) -> 1342.5725 | Q44: =Q43+(2/13)*(E44-Q43) -> 1325.9816 | R44: =R43+(2/27)*(E44-R43) -> 1337.7472 | S44: =Q44-R44 -> -11.765613 | T44: =T43+(2/10)*(S44-T43) -> -6.966284 | U44: =S44-T44 -> -4.7993293 | V44: =IF(M44="","",IF(M44<Assumptions!$B$5,"BUY",IF(M44>Assumptions!$B$4,"SELL","HOLD"))) -> HOLD | X44: =IF(T44="","",IF(S44>T44,"BUY","SELL")) -> SELL
A45: 45831 | B45: 1301.52 | C45: 1311.5 | D45: 1299.46 | E45: 1305.48 | F45: 8126696 | G45: =E45-E44 -> -3.33 | H45: =G45/E44 -> -0.002544296 | I45: =MAX(G45,0) -> 0 | J45: =MAX(-G45,0) -> 3.33 | K45: =(K44*13+I45)/14 -> 3.1874098 | L45: =(L44*13+J45)/14 -> 5.6066707 | M45: =IF(L45=0,100,100-100/(1+K45/MAX(L45,0.000001))) -> 36.244946 | N45: =AVERAGE(E26:E45) -> 1340.195 | Q45: =Q44+(2/13)*(E45-Q44) -> 1322.8275 | R45: =R44+(2/27)*(E45-R44) -> 1335.3571 | S45: =Q45-R45 -> -12.529544 | T45: =T44+(2/10)*(S45-T44) -> -8.078936 | U45: =S45-T45 -> -4.450608 | V45: =IF(M45="","",IF(M45<Assumptions!$B$5,"BUY",IF(M45>Assumptions!$B$4,"SELL","HOLD"))) -> HOLD | X45: =IF(T45="","",IF(S45>T45,"BUY","SELL")) -> SELL
A46: 45832 | B46: 1305.71 | C46: 1308.21 | D46: 1305.71 | E46: 1306.96 | F46: 4347427 | G46: =E46-E45 -> 1.48 | H46: =G46/E45 -> 0.0011336826 | I46: =MAX(G46,0) -> 1.48 | J46: =MAX(-G46,0) -> 0 | K46: =(K45*13+I46)/14 -> 3.0654519 | L46: =(L45*13+J46)/14 -> 5.2061943 | M46: =IF(L46=0,100,100-100/(1+K46/MAX(L46,0.000001))) -> 37.059756 | N46: =AVERAGE(E27:E46) -> 1338.0745 | Q46: =Q45+(2/13)*(E46-Q45) -> 1320.3864 | R46: =R45+(2/27)*(E46-R45) -> 1333.2536 | S46: =Q46-R46 -> -12.867216 | T46: =T45+(2/10)*(S46-T45) -> -9.0365919 | U46: =S46-T46 -> -3.8306238 | V46: =IF(M46="","",IF(M46<Assumptions!$B$5,"BUY",IF(M46>Assumptions!$B$4,"SELL","HOLD"))) -> HOLD | X46: =IF(T46="","",IF(S46>T46,"BUY","SELL")) -> SELL
A47: 45833 | B47: 1313.16 | C47: 1324.3 | D47: 1309.22 | E47: 1316.76 | F47: 5843232 | G47: =E47-E46 -> 9.8 | H47: =G47/E46 -> 0.0074983167 | I47: =MAX(G47,0) -> 9.8 | J47: =MAX(-G47,0) -> 0 | K47: =(K46*13+I47)/14 -> 3.5464911 | L47: =(L46*13+J47)/14 -> 4.8343232 | M47: =IF(L47=0,100,100-100/(1+K47/MAX(L47,0.000001))) -> 42.316784 | N47: =AVERAGE(E28:E47) -> 1336.139 | Q47: =Q46+(2/13)*(E47-Q46) -> 1319.8285 | R47: =R46+(2/27)*(E47-R46) -> 1332.0318 | S47: =Q47-R47 -> -12.203372 | T47: =T46+(2/10)*(S47-T46) -> -9.6699479 | U47: =S47-T47 -> -2.5334241 | V47: =IF(M47="","",IF(M47<Assumptions!$B$5,"BUY",IF(M47>Assumptions!$B$4,"SELL","HOLD"))) -> HOLD | X47: =IF(T47="","",IF(S47>T47,"BUY","SELL")) -> SELL
A48: 45834 | B48: 1328.45 | C48: 1330.26 | D48: 1318.7 | E48: 1324.48 | F48: 7449465 | G48: =E48-E47 -> 7.72 | H48: =G48/E47 -> 0.0058628755 | I48: =MAX(G48,0) -> 7.72 | J48: =MAX(-G48,0) -> 0 | K48: =(K47*13+I48)/14 -> 3.8445989 | L48: =(L47*13+J48)/14 -> 4.4890144 | M48: =IF(L48=0,100,100-100/(1+K48/MAX(L48,0.000001))) -> 46.133636 | N48: =AVERAGE(E29:E48) -> 1334.048 | Q48: =Q47+(2/13)*(E48-Q47) -> 1320.5441 | R48: =R47+(2/27)*(E48-R47) -> 1331.4724 | S48: =Q48-R48 -> -10.928356 | T48: =T47+(2/10)*(S48-T47) -> -9.9216296 | U48: =S48-T48 -> -1.0067267 | V48: =IF(M48="","",IF(M48<Assumptions!$B$5,"BUY",IF(M48>Assumptions!$B$4,"SELL","HOLD"))) -> HOLD | X48: =IF(T48="","",IF(S48>T48,"BUY","SELL")) -> SELL
... A51: 45839 | B51: 1342.6 | C51: 1342.64 | D51: 1342.6 | E51: 1342.62 | F51: 5982904 | G51: =E51-E50 -> 5.9 | H51: =G51/E50 -> 0.004413789 | I51: =MAX(G51,0) -> 5.9 | J51: =MAX(-G51,0) -> 0 | K51: =(K50*13+I51)/14 -> 4.2910473 | L51: =(L50*13+J51)/14 -> 3.5941562 | M51: =IF(L51=0,100,100-100/(1+K51/MAX(L51,0.000001))) -> 54.418979 | N51: =AVERAGE(E32:E51) -> 1329.2955 | Q51: =Q50+(2/13)*(E51-Q50) -> 1326.9544 | R51: =R50+(2/27)*(E51-R50) -> 1332.4878 | S51: =Q51-R51 -> -5.5333403 | T51: =T50+(2/10)*(S51-T50) -> -8.6089254 | U51: =S51-T51 -> 3.075585 | V51: =IF(M51="","",IF(M51<Assumptions!$B$5,"BUY",IF(M51>Assumptions!$B$4,"SELL","HOLD"))) -> HOLD | X51: =IF(T51="","",IF(S51>T51,"BUY","SELL")) -> BUY
A52: 45840 | B52: 1330.27 | C52: 1340.25 | D52: 1330.15 | E52: 1335.2 | F52: 3865765 | G52: =E52-E51 -> -7.42 | H52: =G52/E51 -> -0.0055265079 | I52: =MAX(G52,0) -> 0 | J52: =MAX(-G52,0) -> 7.42 | K52: =(K51*13+I52)/14 -> 3.9845439 | L52: =(L51*13+J52)/14 -> 3.8674308 | M52: =IF(L52=0,100,100-100/(1+K52/MAX(L52,0.000001))) -> 50.745756 | N52: =AVERAGE(E33:E52) -> 1326.9915 | O52: =AVERAGE(E3:E52) -> 1344.4402 | Q52: =Q51+(2/13)*(E52-Q51) -> 1328.223 | R52: =R51+(2/27)*(E52-R51) -> 1332.6887 | S52: =Q52-R52 -> -4.4656956 | T52: =T51+(2/10)*(S52-T51) -> -7.7802794 | U52: =S52-T52 -> 3.3145838 | V52: =IF(M52="","",IF(M52<Assumptions!$B$5,"BUY",IF(M52>Assumptions!$B$4,"SELL","HOLD"))) -> HOLD | W52: =IF(O52="","",IF(E52>O52,"BUY","SELL")) -> SELL | X52: =IF(T52="","",IF(S52>T52,"BUY","SELL")) -> BUY | Y52: =IF(OR(V52="",W52="",X52=""),"",IFERROR(IF(V52="BUY",1,IF(V52="SELL",-1,0))+IF(W52="BUY",1,IF(W52="SELL",-1,0))+IF(X52="BUY",1,IF(X52="SELL",-1,0)),0)) -> 0 | Z52: =IF(Y52="","",IF(Y52>=2,"STRONG BUY",IF(Y52=1,"BUY",IF(Y52=0,"HOLD",IF(Y52=-1,"SELL","STRONG SELL"))))) -> HOLD
A53: 45841 | B53: 1324.78 | C53: 1328.7 | D53: 1324.78 | E53: 1326.74 | F53: 5631335 | G53: =E53-E52 -> -8.46 | H53: =G53/E52 -> -0.0063361294 | I53: =MAX(G53,0) -> 0 | J53: =MAX(-G53,0) -> 8.46 | K53: =(K52*13+I53)/14 -> 3.6999336 | L53: =(L52*13+J53)/14 -> 4.1954715 | M53: =IF(L53=0,100,100-100/(1+K53/MAX(L53,0.000001))) -> 46.861859 | N53: =AVERAGE(E34:E53) -> 1324.946 | O53: =AVERAGE(E4:E53) -> 1343.875 | Q53: =Q52+(2/13)*(E53-Q52) -> 1327.9948 | R53: =R52+(2/27)*(E53-R52) -> 1332.248 | S53: =Q53-R53 -> -4.2532025 | T53: =T52+(2/10)*(S53-T52) -> -7.074864 | U53: =S53-T53 -> 2.8216615 | V53: =IF(M53="","",IF(M53<Assumptions!$B$5,"BUY",IF(M53>Assumptions!$B$4,"SELL","HOLD"))) -> HOLD | W53: =IF(O53="","",IF(E53>O53,"BUY","SELL")) -> SELL | X53: =IF(T53="","",IF(S53>T53,"BUY","SELL")) -> BUY | Y53: =IF(OR(V53="",W53="",X53=""),"",IFERROR(IF(V53="BUY",1,IF(V53="SELL",-1,0))+IF(W53="BUY",1,IF(W53="SELL",-1,0))+IF(X53="BUY",1,IF(X53="SELL",-1,0)),0)) -> 0 | Z53: =IF(Y53="","",IF(Y53>=2,"STRONG BUY",IF(Y53=1,"BUY",IF(Y53=0,"HOLD",IF(Y53=-1,"SELL","STRONG SELL"))))) -> HOLD
A54: 45842 | B54: 1319.89 | C54: 1322.65 | D54: 1319.89 | E54: 1321.27 | F54: 6814622 | G54: =E54-E53 -> -5.47 | H54: =G54/E53 -> -0.0041228877 | I54: =MAX(G54,0) -> 0 | J54: =MAX(-G54,0) -> 5.47 | K54: =(K53*13+I54)/14 -> 3.4356526 | L54: =(L53*13+J54)/14 -> 4.2865092 | M54: =IF(L54=0,100,100-100/(1+K54/MAX(L54,0.000001))) -> 44.490814 | N54: =AVERAGE(E35:E54) -> 1322.2695 | O54: =AVERAGE(E5:E54) -> 1343.2328 | Q54: =Q53+(2/13)*(E54-Q53) -> 1326.9602 | R54: =R53+(2/27)*(E54-R53) -> 1331.4348 | S54: =Q54-R54 -> -4.474603 | T54: =T53+(2/10)*(S54-T53) -> -6.5548118 | U54: =S54-T54 -> 2.0802088 | V54: =IF(M54="","",IF(M54<Assumptions!$B$5,"BUY",IF(M54>Assumptions!$B$4,"SELL","HOLD"))) -> HOLD | W54: =IF(O54="","",IF(E54>O54,"BUY","SELL")) -> SELL | X54: =IF(T54="","",IF(S54>T54,"BUY","SELL")) -> BUY | Y54: =IF(OR(V54="",W54="",X54=""),"",IFERROR(IF(V54="BUY",1,IF(V54="SELL",-1,0))+IF(W54="BUY",1,IF(W54="SELL",-1,0))+IF(X54="BUY",1,IF(X54="SELL",-1,0)),0)) -> 0 | Z54: =IF(Y54="","",IF(Y54>=2,"STRONG BUY",IF(Y54=1,"BUY",IF(Y54=0,"HOLD",IF(Y54=-1,"SELL","STRONG SELL"))))) -> HOLD
A55: 45845 | B55: 1324.13 | C55: 1332.22 | D55: 1322.48 | E55: 1327.35 | F55: 3827470 | G55: =E55-E54 -> 6.08 | H55: =G55/E54 -> 0.0046016333 | I55: =MAX(G55,0) -> 6.08 | J55: =MAX(-G55,0) -> 0 | K55: =(K54*13+I55)/14 -> 3.6245346 | L55: =(L54*13+J55)/14 -> 3.98033 | M55: =IF(L55=0,100,100-100/(1+K55/MAX(L55,0.000001))) -> 47.660738 | N55: =AVERAGE(E36:E55) -> 1320.821 | O55: =AVERAGE(E6:E55) -> 1342.7516 | Q55: =Q54+(2/13)*(E55-Q54) -> 1327.0202 | R55: =R54+(2/27)*(E55-R54) -> 1331.1323 | S55: =Q55-R55 -> -4.1120581 | T55: =T54+(2/10)*(S55-T54) -> -6.0662611 | U55: =S55-T55 -> 1.954203 | V55: =IF(M55="","",IF(M55<Assumptions!$B$5,"BUY",IF(M55>Assumptions!$B$4,"SELL","HOLD"))) -> HOLD | W55: =IF(O55="","",IF(E55>O55,"BUY","SELL")) -> SELL | X55: =IF(T55="","",IF(S55>T55,"BUY","SELL")) -> BUY | Y55: =IF(OR(V55="",W55="",X55=""),"",IFERROR(IF(V55="BUY",1,IF(V55="SELL",-1,0))+IF(W55="BUY",1,IF(W55="SELL",-1,0))+IF(X55="BUY",1,IF(X55="SELL",-1,0)),0)) -> 0 | Z55: =IF(Y55="","",IF(Y55>=2,"STRONG BUY",IF(Y55=1,"BUY",IF(Y55=0,"HOLD",IF(Y55=-1,"SELL","STRONG SELL"))))) -> HOLD
A56: 45846 | B56: 1318.98 | C56: 1330.02 | D56: 1318.98 | E56: 1324.5 | F56: 4417910 | G56: =E56-E55 -> -2.85 | H56: =G56/E55 -> -0.0021471353 | I56: =MAX(G56,0) -> 0 | J56: =MAX(-G56,0) -> 2.85 | K56: =(K55*13+I56)/14 -> 3.3656393 | L56: =(L55*13+J56)/14 -> 3.8995921 | M56: =IF(L56=0,100,100-100/(1+K56/MAX(L56,0.000001))) -> 46.325287 | N56: =AVERAGE(E37:E56) -> 1320.8035 | O56: =AVERAGE(E7:E56) -> 1342.2378 | Q56: =Q55+(2/13)*(E56-Q55) -> 1326.6325 | R56: =R55+(2/27)*(E56-R55) -> 1330.641 | S56: =Q56-R56 -> -4.0085023 | T56: =T55+(2/10)*(S56-T55) -> -5.6547093 | U56: =S56-T56 -> 1.646207 | V56: =IF(M56="","",IF(M56<Assumptions!$B$5,"BUY",IF(M56>Assumptions!$B$4,"SELL","HOLD"))) -> HOLD | W56: =IF(O56="","",IF(E56>O56,"BUY","SELL")) -> SELL | X56: =IF(T56="","",IF(S56>T56,"BUY","SELL")) -> BUY | Y56: =IF(OR(V56="",W56="",X56=""),"",IFERROR(IF(V56="BUY",1,IF(V56="SELL",-1,0))+IF(W56="BUY",1,IF(W56="SELL",-1,0))+IF(X56="BUY",1,IF(X56="SELL",-1,0)),0)) -> 0 | Z56: =IF(Y56="","",IF(Y56>=2,"STRONG BUY",IF(Y56=1,"BUY",IF(Y56=0,"HOLD",IF(Y56=-1,"SELL","STRONG SELL"))))) -> HOLD
A57: 45847 | B57: 1353.15 | C57: 1357.89 | D57: 1347.65 | E57: 1352.77 | F57: 5369471 | G57: =E57-E56 -> 28.27 | H57: =G57/E56 -> 0.021343903 | I57: =MAX(G57,0) -> 28.27 | J57: =MAX(-G57,0) -> 0 | K57: =(K56*13+I57)/14 -> 5.1445222 | L57: =(L56*13+J57)/14 -> 3.6210498 | M57: =IF(L57=0,100,100-100/(1+K57/MAX(L57,0.000001))) -> 58.690091 | N57: =AVERAGE(E38:E57) -> 1322.5535 | O57: =AVERAGE(E8:E57) -> 1342.1156 | Q57: =Q56+(2/13)*(E57-Q56) -> 1330.6536 | R57: =R56+(2/27)*(E57-R56) -> 1332.2802 | S57: =Q57-R57 -> -1.6265312 | T57: =T56+(2/10)*(S57-T56) -> -4.8490737 | U57: =S57-T57 -> 3.2225425 | V57: =IF(M57="","",IF(M57<Assumptions!$B$5,"BUY",IF(M57>Assumptions!$B$4,"SELL","HOLD"))) -> HOLD | W57: =IF(O57="","",IF(E57>O57,"BUY","SELL")) -> BUY | X57: =IF(T57="","",IF(S57>T57,"BUY","SELL")) -> BUY | Y57: =IF(OR(V57="",W57="",X57=""),"",IFERROR(IF(V57="BUY",1,IF(V57="SELL",-1,0))+IF(W57="BUY",1,IF(W57="SELL",-1,0))+IF(X57="BUY",1,IF(X57="SELL",-1,0)),0)) -> 2 | Z57: =IF(Y57="","",IF(Y57>=2,"STRONG BUY",IF(Y57=1,"BUY",IF(Y57=0,"HOLD",IF(Y57=-1,"SELL","STRONG SELL"))))) -> STRONG BUY
A58: 45848 | B58: 1343.27 | C58: 1343.27 | D58: 1342.67 | E58: 1342.97 | F58: 5399110 | G58: =E58-E57 -> -9.8 | H58: =G58/E57 -> -0.0072443948 | I58: =MAX(G58,0) -> 0 | J58: =MAX(-G58,0) -> 9.8 | K58: =(K57*13+I58)/14 -> 4.7770563 | L58: =(L57*13+J58)/14 -> 4.0624034 | M58: =IF(L58=0,100,100-100/(1+K58/MAX(L58,0.000001))) -> 54.042401 | N58: =AVERAGE(E39:E58) -> 1324.348 | O58: =AVERAGE(E9:E58) -> 1341.8258 | Q58: =Q57+(2/13)*(E58-Q57) -> 1332.5485 | R58: =R57+(2/27)*(E58-R57) -> 1333.072 | S58: =Q58-R58 -> -0.52354494 | T58: =T57+(2/10)*(S58-T57) -> -3.9839679 | U58: =S58-T58 -> 3.460423 | V58: =IF(M58="","",IF(M58<Assumptions!$B$5,"BUY",IF(M58>Assumptions!$B$4,"SELL","HOLD"))) -> HOLD | W58: =IF(O58="","",IF(E58>O58,"BUY","SELL")) -> BUY | X58: =IF(T58="","",IF(S58>T58,"BUY","SELL")) -> BUY | Y58: =IF(OR(V58="",W58="",X58=""),"",IFERROR(IF(V58="BUY",1,IF(V58="SELL",-1,0))+IF(W58="BUY",1,IF(W58="SELL",-1,0))+IF(X58="BUY",1,IF(X58="SELL",-1,0)),0)) -> 2 | Z58: =IF(Y58="","",IF(Y58>=2,"STRONG BUY",IF(Y58=1,"BUY",IF(Y58=0,"HOLD",IF(Y58=-1,"SELL","STRONG SELL"))))) -> STRONG BUY
A59: 45849 | B59: 1327.38 | C59: 1332.4 | D59: 1327.38 | E59: 1329.89 | F59: 6263237 | G59: =E59-E58 -> -13.08 | H59: =G59/E58 -> -0.009739607 | I59: =MAX(G59,0) -> 0 | J59: =MAX(-G59,0) -> 13.08 | K59: =(K58*13+I59)/14 -> 4.435838 | L59: =(L58*13+J59)/14 -> 4.7065175 | M59: =IF(L59=0,100,100-100/(1+K59/MAX(L59,0.000001))) -> 48.51964 | N59: =AVERAGE(E40:E59) -> 1324.9645 | O59: =AVERAGE(E10:E59) -> 1341.6352 | Q59: =Q58+(2/13)*(E59-Q58) -> 1332.1395 | R59: =R58+(2/27)*(E59-R58) -> 1332.8363 | S59: =Q59-R59 -> -0.6968344 | T59: =T58+(2/10)*(S59-T58) -> -3.3265412 | U59: =S59-T59 -> 2.6297068 | V59: =IF(M59="","",IF(M59<Assumptions!$B$5,"BUY",IF(M59>Assumptions!$B$4,"SELL","HOLD"))) -> HOLD | W59: =IF(O59="","",IF(E59>O59,"BUY","SELL")) -> SELL | X59: =IF(T59="","",IF(S59>T59,"BUY","SELL")) -> BUY | Y59: =IF(OR(V59="",W59="",X59=""),"",IFERROR(IF(V59="BUY",1,IF(V59="SELL",-1,0))+IF(W59="BUY",1,IF(W59="SELL",-1,0))+IF(X59="BUY",1,IF(X59="SELL",-1,0)),0)) -> 0 | Z59: =IF(Y59="","",IF(Y59>=2,"STRONG BUY",IF(Y59=1,"BUY",IF(Y59=0,"HOLD",IF(Y59=-1,"SELL","STRONG SELL"))))) -> HOLD
A60: 45852 | B60: 1343.49 | C60: 1343.49 | D60: 1335.01 | E60: 1339.25 | F60: 3691954 | G60: =E60-E59 -> 9.36 | H60: =G60/E59 -> 0.0070381761 | I60: =MAX(G60,0) -> 9.36 | J60: =MAX(-G60,0) -> 0 | K60: =(K59*13+I60)/14 -> 4.7875639 | L60: =(L59*13+J60)/14 -> 4.3703376 | M60: =IF(L60=0,100,100-100/(1+K60/MAX(L60,0.000001))) -> 52.277958 | N60: =AVERAGE(E41:E60) -> 1325.6475 | O60: =AVERAGE(E11:E60) -> 1341.5488 | Q60: =Q59+(2/13)*(E60-Q59) -> 1333.2334 | R60: =R59+(2/27)*(E60-R59) -> 1333.3114 | S60: =Q60-R60 -> -0.077994696 | T60: =T59+(2/10)*(S60-T59) -> -2.6768319 | U60: =S60-T60 -> 2.5988372 | V60: =IF(M60="","",IF(M60<Assumptions!$B$5,"BUY",IF(M60>Assumptions!$B$4,"SELL","HOLD"))) -> HOLD | W60: =IF(O60="","",IF(E60>O60,"BUY","SELL")) -> SELL | X60: =IF(T60="","",IF(S60>T60,"BUY","SELL")) -> BUY | Y60: =IF(OR(V60="",W60="",X60=""),"",IFERROR(IF(V60="BUY",1,IF(V60="SELL",-1,0))+IF(W60="BUY",1,IF(W60="SELL",-1,0))+IF(X60="BUY",1,IF(X60="SELL",-1,0)),0)) -> 0 | Z60: =IF(Y60="","",IF(Y60>=2,"STRONG BUY",IF(Y60=1,"BUY",IF(Y60=0,"HOLD",IF(Y60=-1,"SELL","STRONG SELL"))))) -> HOLD
A61: 45853 | B61: 1356.41 | C61: 1356.85 | D61: 1356.41 | E61: 1356.63 | F61: 4846680 | G61: =E61-E60 -> 17.38 | H61: =G61/E60 -> 0.012977413 | I61: =MAX(G61,0) -> 17.38 | J61: =MAX(-G61,0) -> 0 | K61: =(K60*13+I61)/14 -> 5.6870236 | L61: =(L60*13+J61)/14 -> 4.0581707 | M61: =IF(L61=0,100,100-100/(1+K61/MAX(L61,0.000001))) -> 58.357211 | N61: =AVERAGE(E42:E61) -> 1327.916 | O61: =AVERAGE(E12:E61) -> 1341.8718 | Q61: =Q60+(2/13)*(E61-Q60) -> 1336.8329 | R61: =R60+(2/27)*(E61-R60) -> 1335.0387 | S61: =Q61-R61 -> 1.7941788 | T61: =T60+(2/10)*(S61-T60) -> -1.7826298 | U61: =S61-T61 -> 3.5768086 | V61: =IF(M61="","",IF(M61<Assumptions!$B$5,"BUY",IF(M61>Assumptions!$B$4,"SELL","HOLD"))) -> HOLD | W61: =IF(O61="","",IF(E61>O61,"BUY","SELL")) -> BUY | X61: =IF(T61="","",IF(S61>T61,"BUY","SELL")) -> BUY | Y61: =IF(OR(V61="",W61="",X61=""),"",IFERROR(IF(V61="BUY",1,IF(V61="SELL",-1,0))+IF(W61="BUY",1,IF(W61="SELL",-1,0))+IF(X61="BUY",1,IF(X61="SELL",-1,0)),0)) -> 2 | Z61: =IF(Y61="","",IF(Y61>=2,"STRONG BUY",IF(Y61=1,"BUY",IF(Y61=0,"HOLD",IF(Y61=-1,"SELL","STRONG SELL"))))) -> STRONG BUY
A62: 45854 | B62: 1362.87 | C62: 1363.03 | D62: 1362.87 | E62: 1362.95 | F62: 6443724 | G62: =E62-E61 -> 6.32 | H62: =G62/E61 -> 0.0046586026 | I62: =MAX(G62,0) -> 6.32 | J62: =MAX(-G62,0) -> 0 | K62: =(K61*13+I62)/14 -> 5.7322362 | L62: =(L61*13+J62)/14 -> 3.7683013 | M62: =IF(L62=0,100,100-100/(1+K62/MAX(L62,0.000001))) -> 60.335914 | N62: =AVERAGE(E43:E62) -> 1329.992 | O62: =AVERAGE(E13:E62) -> 1342.3708 | Q62: =Q61+(2/13)*(E62-Q61) -> 1340.8509 | R62: =R61+(2/27)*(E62-R61) -> 1337.1062 | S62: =Q62-R62 -> 3.7446945 | T62: =T61+(2/10)*(S62-T61) -> -0.67716493 | U62: =S62-T62 -> 4.4218594 | V62: =IF(M62="","",IF(M62<Assumptions!$B$5,"BUY",IF(M62>Assumptions!$B$4,"SELL","HOLD"))) -> HOLD | W62: =IF(O62="","",IF(E62>O62,"BUY","SELL")) -> BUY | X62: =IF(T62="","",IF(S62>T62,"BUY","SELL")) -> BUY | Y62: =IF(OR(V62="",W62="",X62=""),"",IFERROR(IF(V62="BUY",1,IF(V62="SELL",-1,0))+IF(W62="BUY",1,IF(W62="SELL",-1,0))+IF(X62="BUY",1,IF(X62="SELL",-1,0)),0)) -> 2 | Z62: =IF(Y62="","",IF(Y62>=2,"STRONG BUY",IF(Y62=1,"BUY",IF(Y62=0,"HOLD",IF(Y62=-1,"SELL","STRONG SELL"))))) -> STRONG BUY
A63: 45855 | B63: 1378.76 | C63: 1378.76 | D63: 1368 | E63: 1373.38 | F63: 8936755 | G63: =E63-E62 -> 10.43 | H63: =G63/E62 -> 0.0076525184 | I63: =MAX(G63,0) -> 10.43 | J63: =MAX(-G63,0) -> 0 | K63: =(K62*13+I63)/14 -> 6.0677907 | L63: =(L62*13+J63)/14 -> 3.4991369 | M63: =IF(L63=0,100,100-100/(1+K63/MAX(L63,0.000001))) -> 63.424654 | N63: =AVERAGE(E44:E63) -> 1333.176 | O63: =AVERAGE(E14:E63) -> 1343.0478 | Q63: =Q62+(2/13)*(E63-Q62) -> 1345.8554 | R63: =R62+(2/27)*(E63-R62) -> 1339.7931 | S63: =Q63-R63 -> 6.0622245 | T63: =T62+(2/10)*(S63-T62) -> 0.67071294 | U63: =S63-T63 -> 5.3915115 | V63: =IF(M63="","",IF(M63<Assumptions!$B$5,"BUY",IF(M63>Assumptions!$B$4,"SELL","HOLD"))) -> HOLD | W63: =IF(O63="","",IF(E63>O63,"BUY","SELL")) -> BUY | X63: =IF(T63="","",IF(S63>T63,"BUY","SELL")) -> BUY | Y63: =IF(OR(V63="",W63="",X63=""),"",IFERROR(IF(V63="BUY",1,IF(V63="SELL",-1,0))+IF(W63="BUY",1,IF(W63="SELL",-1,0))+IF(X63="BUY",1,IF(X63="SELL",-1,0)),0)) -> 2 | Z63: =IF(Y63="","",IF(Y63>=2,"STRONG BUY",IF(Y63=1,"BUY",IF(Y63=0,"HOLD",IF(Y63=-1,"SELL","STRONG SELL"))))) -> STRONG BUY
... A201: 46049 | B201: 1670.41 | C201: 1690.6 | D201: 1658.74 | E201: 1674.67 | F201: 6045339 | G201: =E201-E200 -> -1.34 | H201: =G201/E200 -> -0.0007995179 | I201: =MAX(G201,0) -> 0 | J201: =MAX(-G201,0) -> 1.34 | K201: =(K200*13+I201)/14 -> 6.0163 | L201: =(L200*13+J201)/14 -> 4.5521263 | M201: =IF(L201=0,100,100-100/(1+K201/MAX(L201,0.000001))) -> 56.927114 | N201: =AVERAGE(E182:E201) -> 1661.6055 | O201: =AVERAGE(E152:E201) -> 1629.1902 | Q201: =Q200+(2/13)*(E201-Q200) -> 1669.2456 | R201: =R200+(2/27)*(E201-R200) -> 1656.7396 | S201: =Q201-R201 -> 12.506062 | T201: =T200+(2/10)*(S201-T200) -> 13.16339 | U201: =S201-T201 -> -0.65732766 | V201: =IF(M201="","",IF(M201<Assumptions!$B$5,"BUY",IF(M201>Assumptions!$B$4,"SELL","HOLD"))) -> HOLD | W201: =IF(O201="","",IF(E201>O201,"BUY","SELL")) -> BUY | X201: =IF(T201="","",IF(S201>T201,"BUY","SELL")) -> SELL | Y201: =IF(OR(V201="",W201="",X201=""),"",IFERROR(IF(V201="BUY",1,IF(V201="SELL",-1,0))+IF(W201="BUY",1,IF(W201="SELL",-1,0))+IF(X201="BUY",1,IF(X201="SELL",-1,0)),0)) -> 0 | Z201: =IF(Y201="","",IF(Y201>=2,"STRONG BUY",IF(Y201=1,"BUY",IF(Y201=0,"HOLD",IF(Y201=-1,"SELL","STRONG SELL"))))) -> HOLD
A202: 46050 | B202: 1700.38 | C202: 1707.12 | D202: 1700.38 | E202: 1703.75 | F202: 5329061 | G202: =E202-E201 -> 29.08 | H202: =G202/E201 -> 0.017364615 | I202: =MAX(G202,0) -> 29.08 | J202: =MAX(-G202,0) -> 0 | K202: =(K201*13+I202)/14 -> 7.6637072 | L202: =(L201*13+J202)/14 -> 4.2269744 | M202: =IF(L202=0,100,100-100/(1+K202/MAX(L202,0.000001))) -> 64.45137 | N202: =AVERAGE(E183:E202) -> 1663.754 | O202: =AVERAGE(E153:E202) -> 1632.9078 | P202: =AVERAGE(E3:E202) -> 1459.1029 | Q202: =Q201+(2/13)*(E202-Q201) -> 1674.554 | R202: =R201+(2/27)*(E202-R201) -> 1660.2218 | S202: =Q202-R202 -> 14.332171 | T202: =T201+(2/10)*(S202-T201) -> 13.397146 | U202: =S202-T202 -> 0.93502529 | V202: =IF(M202="","",IF(M202<Assumptions!$B$5,"BUY",IF(M202>Assumptions!$B$4,"SELL","HOLD"))) -> HOLD | W202: =IF(O202="","",IF(E202>O202,"BUY","SELL")) -> BUY | X202: =IF(T202="","",IF(S202>T202,"BUY","SELL")) -> BUY | Y202: =IF(OR(V202="",W202="",X202=""),"",IFERROR(IF(V202="BUY",1,IF(V202="SELL",-1,0))+IF(W202="BUY",1,IF(W202="SELL",-1,0))+IF(X202="BUY",1,IF(X202="SELL",-1,0)),0)) -> 2 | Z202: =IF(Y202="","",IF(Y202>=2,"STRONG BUY",IF(Y202=1,"BUY",IF(Y202=0,"HOLD",IF(Y202=-1,"SELL","STRONG SELL"))))) -> STRONG BUY
A203: 46051 | B203: 1705.78 | C203: 1705.78 | D203: 1701.8 | E203: 1703.79 | F203: 6030133 | G203: =E203-E202 -> 0.04 | H203: =G203/E202 -> 2.3477623e-05 | I203: =MAX(G203,0) -> 0.04 | J203: =MAX(-G203,0) -> 0 | K203: =(K202*13+I203)/14 -> 7.1191567 | L203: =(L202*13+J203)/14 -> 3.9250476 | M203: =IF(L203=0,100,100-100/(1+K203/MAX(L203,0.000001))) -> 64.460567 | N203: =AVERAGE(E184:E203) -> 1665.508 | O203: =AVERAGE(E154:E203) -> 1636.3972 | P203: =AVERAGE(E4:E203) -> 1460.8468 | Q203: =Q202+(2/13)*(E203-Q202) -> 1679.0519 | R203: =R202+(2/27)*(E203-R202) -> 1663.4491 | S203: =Q203-R203 -> 15.602745 | T203: =T202+(2/10)*(S203-T202) -> 13.838266 | U203: =S203-T203 -> 1.7644792 | V203: =IF(M203="","",IF(M203<Assumptions!$B$5,"BUY",IF(M203>Assumptions!$B$4,"SELL","HOLD"))) -> HOLD | W203: =IF(O203="","",IF(E203>O203,"BUY","SELL")) -> BUY | X203: =IF(T203="","",IF(S203>T203,"BUY","SELL")) -> BUY | Y203: =IF(OR(V203="",W203="",X203=""),"",IFERROR(IF(V203="BUY",1,IF(V203="SELL",-1,0))+IF(W203="BUY",1,IF(W203="SELL",-1,0))+IF(X203="BUY",1,IF(X203="SELL",-1,0)),0)) -> 2 | Z203: =IF(Y203="","",IF(Y203>=2,"STRONG BUY",IF(Y203=1,"BUY",IF(Y203=0,"HOLD",IF(Y203=-1,"SELL","STRONG SELL"))))) -> STRONG BUY
A204: 46052 | B204: 1727.27 | C204: 1770.35 | D204: 1707.01 | E204: 1738.68 | F204: 4962069 | G204: =E204-E203 -> 34.89 | H204: =G204/E203 -> 0.020477876 | I204: =MAX(G204,0) -> 34.89 | J204: =MAX(-G204,0) -> 0 | K204: =(K203*13+I204)/14 -> 9.1027883 | L204: =(L203*13+J204)/14 -> 3.6446871 | M204: =IF(L204=0,100,100-100/(1+K204/MAX(L204,0.000001))) -> 71.408558 | N204: =AVERAGE(E185:E204) -> 1669.1455 | O204: =AVERAGE(E155:E204) -> 1640.18 | P204: =AVERAGE(E5:E204) -> 1462.7733 | Q204: =Q203+(2/13)*(E204-Q203) -> 1688.2254 | R204: =R203+(2/27)*(E204-R203) -> 1669.0218 | S204: =Q204-R204 -> 19.203648 | T204: =T203+(2/10)*(S204-T203) -> 14.911342 | U204: =S204-T204 -> 4.2923054 | V204: =IF(M204="","",IF(M204<Assumptions!$B$5,"BUY",IF(M204>Assumptions!$B$4,"SELL","HOLD"))) -> SELL | W204: =IF(O204="","",IF(E204>O204,"BUY","SELL")) -> BUY | X204: =IF(T204="","",IF(S204>T204,"BUY","SELL")) -> BUY | Y204: =IF(OR(V204="",W204="",X204=""),"",IFERROR(IF(V204="BUY",1,IF(V204="SELL",-1,0))+IF(W204="BUY",1,IF(W204="SELL",-1,0))+IF(X204="BUY",1,IF(X204="SELL",-1,0)),0)) -> 1 | Z204: =IF(Y204="","",IF(Y204>=2,"STRONG BUY",IF(Y204=1,"BUY",IF(Y204=0,"HOLD",IF(Y204=-1,"SELL","STRONG SELL"))))) -> BUY
A205: 46055 | B205: 1739.97 | C205: 1743.03 | D205: 1720.87 | E205: 1731.95 | F205: 6438216 | G205: =E205-E204 -> -6.73 | H205: =G205/E204 -> -0.0038707525 | I205: =MAX(G205,0) -> 0 | J205: =MAX(-G205,0) -> 6.73 | K205: =(K204*13+I205)/14 -> 8.4525892 | L205: =(L204*13+J205)/14 -> 3.8650666 | M205: =IF(L205=0,100,100-100/(1+K205/MAX(L205,0.000001))) -> 68.621736 | N205: =AVERAGE(E186:E205) -> 1673.5425 | O205: =AVERAGE(E156:E205) -> 1643.8374 | P205: =AVERAGE(E6:E205) -> 1464.6761 | Q205: =Q204+(2/13)*(E205-Q204) -> 1694.9523 | R205: =R204+(2/27)*(E205-R204) -> 1673.6831 | S205: =Q205-R205 -> 21.269156 | T205: =T204+(2/10)*(S205-T204) -> 16.182905 | U205: =S205-T205 -> 5.0862514 | V205: =IF(M205="","",IF(M205<Assumptions!$B$5,"BUY",IF(M205>Assumptions!$B$4,"SELL","HOLD"))) -> HOLD | W205: =IF(O205="","",IF(E205>O205,"BUY","SELL")) -> BUY | X205: =IF(T205="","",IF(S205>T205,"BUY","SELL")) -> BUY | Y205: =IF(OR(V205="",W205="",X205=""),"",IFERROR(IF(V205="BUY",1,IF(V205="SELL",-1,0))+IF(W205="BUY",1,IF(W205="SELL",-1,0))+IF(X205="BUY",1,IF(X205="SELL",-1,0)),0)) -> 2 | Z205: =IF(Y205="","",IF(Y205>=2,"STRONG BUY",IF(Y205=1,"BUY",IF(Y205=0,"HOLD",IF(Y205=-1,"SELL","STRONG SELL"))))) -> STRONG BUY
A206: 46056 | B206: 1732.21 | C206: 1745.46 | D206: 1729.74 | E206: 1737.6 | F206: 3695984 | G206: =E206-E205 -> 5.65 | H206: =G206/E205 -> 0.0032622189 | I206: =MAX(G206,0) -> 5.65 | J206: =MAX(-G206,0) -> 0 | K206: =(K205*13+I206)/14 -> 8.2524042 | L206: =(L205*13+J206)/14 -> 3.5889904 | M206: =IF(L206=0,100,100-100/(1+K206/MAX(L206,0.000001))) -> 69.691151 | N206: =AVERAGE(E187:E206) -> 1677.878 | O206: =AVERAGE(E157:E206) -> 1647.9146 | P206: =AVERAGE(E7:E206) -> 1466.6131 | Q206: =Q205+(2/13)*(E206-Q205) -> 1701.5135 | R206: =R205+(2/27)*(E206-R205) -> 1678.4177 | S206: =Q206-R206 -> 23.095761 | T206: =T205+(2/10)*(S206-T205) -> 17.565476 | U206: =S206-T206 -> 5.530285 | V206: =IF(M206="","",IF(M206<Assumptions!$B$5,"BUY",IF(M206>Assumptions!$B$4,"SELL","HOLD"))) -> HOLD | W206: =IF(O206="","",IF(E206>O206,"BUY","SELL")) -> BUY | X206: =IF(T206="","",IF(S206>T206,"BUY","SELL")) -> BUY | Y206: =IF(OR(V206="",W206="",X206=""),"",IFERROR(IF(V206="BUY",1,IF(V206="SELL",-1,0))+IF(W206="BUY",1,IF(W206="SELL",-1,0))+IF(X206="BUY",1,IF(X206="SELL",-1,0)),0)) -> 2 | Z206: =IF(Y206="","",IF(Y206>=2,"STRONG BUY",IF(Y206=1,"BUY",IF(Y206=0,"HOLD",IF(Y206=-1,"SELL","STRONG SELL"))))) -> STRONG BUY
A207: 46057 | B207: 1741.98 | C207: 1751.18 | D207: 1709.04 | E207: 1730.11 | F207: 5889383 | G207: =E207-E206 -> -7.49 | H207: =G207/E206 -> -0.0043105433 | I207: =MAX(G207,0) -> 0 | J207: =MAX(-G207,0) -> 7.49 | K207: =(K206*13+I207)/14 -> 7.6629468 | L207: =(L206*13+J207)/14 -> 3.8676339 | M207: =IF(L207=0,100,100-100/(1+K207/MAX(L207,0.000001))) -> 66.457596 | N207: =AVERAGE(E188:E207) -> 1681.8645 | O207: =AVERAGE(E158:E207) -> 1651.7122 | P207: =AVERAGE(E8:E207) -> 1468.4693 | Q207: =Q206+(2/13)*(E207-Q206) -> 1705.9129 | R207: =R206+(2/27)*(E207-R206) -> 1682.2468 | S207: =Q207-R207 -> 23.66617 | T207: =T206+(2/10)*(S207-T206) -> 18.785615 | U207: =S207-T207 -> 4.8805546 | V207: =IF(M207="","",IF(M207<Assumptions!$B$5,"BUY",IF(M207>Assumptions!$B$4,"SELL","HOLD"))) -> HOLD | W207: =IF(O207="","",IF(E207>O207,"BUY","SELL")) -> BUY | X207: =IF(T207="","",IF(S207>T207,"BUY","SELL")) -> BUY | Y207: =IF(OR(V207="",W207="",X207=""),"",IFERROR(IF(V207="BUY",1,IF(V207="SELL",-1,0))+IF(W207="BUY",1,IF(W207="SELL",-1,0))+IF(X207="BUY",1,IF(X207="SELL",-1,0)),0)) -> 2 | Z207: =IF(Y207="","",IF(Y207>=2,"STRONG BUY",IF(Y207=1,"BUY",IF(Y207=0,"HOLD",IF(Y207=-1,"SELL","STRONG SELL"))))) -> STRONG BUY
A208: 46058 | B208: 1722.25 | C208: 1722.25 | D208: 1716.87 | E208: 1719.56 | F208: 6314102 | G208: =E208-E207 -> -10.55 | H208: =G208/E207 -> -0.0060978782 | I208: =MAX(G208,0) -> 0 | J208: =MAX(-G208,0) -> 10.55 | K208: =(K207*13+I208)/14 -> 7.1155934 | L208: =(L207*13+J208)/14 -> 4.3449458 | M208: =IF(L208=0,100,100-100/(1+K208/MAX(L208,0.000001))) -> 62.087772 | N208: =AVERAGE(E189:E208) -> 1685.867 | O208: =AVERAGE(E159:E208) -> 1655.152 | P208: =AVERAGE(E9:E208) -> 1470.2797 | Q208: =Q207+(2/13)*(E208-Q207) -> 1708.0125 | R208: =R207+(2/27)*(E208-R207) -> 1685.0107 | S208: =Q208-R208 -> 23.001775 | T208: =T207+(2/10)*(S208-T207) -> 19.628847 | U208: =S208-T208 -> 3.3729282 | V208: =IF(M208="","",IF(M208<Assumptions!$B$5,"BUY",IF(M208>Assumptions!$B$4,"SELL","HOLD"))) -> HOLD | W208: =IF(O208="","",IF(E208>O208,"BUY","SELL")) -> BUY | X208: =IF(T208="","",IF(S208>T208,"BUY","SELL")) -> BUY | Y208: =IF(OR(V208="",W208="",X208=""),"",IFERROR(IF(V208="BUY",1,IF(V208="SELL",-1,0))+IF(W208="BUY",1,IF(W208="SELL",-1,0))+IF(X208="BUY",1,IF(X208="SELL",-1,0)),0)) -> 2 | Z208: =IF(Y208="","",IF(Y208>=2,"STRONG BUY",IF(Y208=1,"BUY",IF(Y208=0,"HOLD",IF(Y208=-1,"SELL","STRONG SELL"))))) -> STRONG BUY
A209: 46059 | B209: 1710.63 | C209: 1730.77 | D209: 1710.63 | E209: 1720.7 | F209: 3750787 | G209: =E209-E208 -> 1.14 | H209: =G209/E208 -> 0.00066296029 | I209: =MAX(G209,0) -> 1.14 | J209: =MAX(-G209,0) -> 0 | K209: =(K208*13+I209)/14 -> 6.6887653 | L209: =(L208*13+J209)/14 -> 4.0345925 | M209: =IF(L209=0,100,100-100/(1+K209/MAX(L209,0.000001))) -> 62.375661 | N209: =AVERAGE(E190:E209) -> 1689.5315 | O209: =AVERAGE(E160:E209) -> 1658.4742 | P209: =AVERAGE(E10:E209) -> 1472.1861 | Q209: =Q208+(2/13)*(E209-Q208) -> 1709.9644 | R209: =R208+(2/27)*(E209-R208) -> 1687.6544 | S209: =Q209-R209 -> 22.31005 | T209: =T208+(2/10)*(S209-T208) -> 20.165088 | U209: =S209-T209 -> 2.1449624 | V209: =IF(M209="","",IF(M209<Assumptions!$B$5,"BUY",IF(M209>Assumptions!$B$4,"SELL","HOLD"))) -> HOLD | W209: =IF(O209="","",IF(E209>O209,"BUY","SELL")) -> BUY | X209: =IF(T209="","",IF(S209>T209,"BUY","SELL")) -> BUY | Y209: =IF(OR(V209="",W209="",X209=""),"",IFERROR(IF(V209="BUY",1,IF(V209="SELL",-1,0))+IF(W209="BUY",1,IF(W209="SELL",-1,0))+IF(X209="BUY",1,IF(X209="SELL",-1,0)),0)) -> 2 | Z209: =IF(Y209="","",IF(Y209>=2,"STRONG BUY",IF(Y209=1,"BUY",IF(Y209=0,"HOLD",IF(Y209=-1,"SELL","STRONG SELL"))))) -> STRONG BUY
A210: 46062 | B210: 1718.51 | C210: 1718.51 | D210: 1714.49 | E210: 1716.5 | F210: 6675161 | G210: =E210-E209 -> -4.2 | H210: =G210/E209 -> -0.0024408671 | I210: =MAX(G210,0) -> 0 | J210: =MAX(-G210,0) -> 4.2 | K210: =(K209*13+I210)/14 -> 6.2109964 | L210: =(L209*13+J210)/14 -> 4.0464074 | M210: =IF(L210=0,100,100-100/(1+K210/MAX(L210,0.000001))) -> 60.551349 | N210: =AVERAGE(E191:E210) -> 1692.615 | O210: =AVERAGE(E161:E210) -> 1661.9046 | P210: =AVERAGE(E11:E210) -> 1474.0508 | Q210: =Q209+(2/13)*(E210-Q209) -> 1710.9699 | R210: =R209+(2/27)*(E210-R209) -> 1689.7911 | S210: =Q210-R210 -> 21.178812 | T210: =T209+(2/10)*(S210-T209) -> 20.367832 | U210: =S210-T210 -> 0.81097931 | V210: =IF(M210="","",IF(M210<Assumptions!$B$5,"BUY",IF(M210>Assumptions!$B$4,"SELL","HOLD"))) -> HOLD | W210: =IF(O210="","",IF(E210>O210,"BUY","SELL")) -> BUY | X210: =IF(T210="","",IF(S210>T210,"BUY","SELL")) -> BUY | Y210: =IF(OR(V210="",W210="",X210=""),"",IFERROR(IF(V210="BUY",1,IF(V210="SELL",-1,0))+IF(W210="BUY",1,IF(W210="SELL",-1,0))+IF(X210="BUY",1,IF(X210="SELL",-1,0)),0)) -> 2 | Z210: =IF(Y210="","",IF(Y210>=2,"STRONG BUY",IF(Y210=1,"BUY",IF(Y210=0,"HOLD",IF(Y210=-1,"SELL","STRONG SELL"))))) -> STRONG BUY
A211: 46063 | B211: 1720.68 | C211: 1730.21 | D211: 1709.39 | E211: 1719.8 | F211: 8859369 | G211: =E211-E210 -> 3.3 | H211: =G211/E210 -> 0.0019225167 | I211: =MAX(G211,0) -> 3.3 | J211: =MAX(-G211,0) -> 0 | K211: =(K210*13+I211)/14 -> 6.0030681 | L211: =(L210*13+J211)/14 -> 3.7573783 | M211: =IF(L211=0,100,100-100/(1+K211/MAX(L211,0.000001))) -> 61.504032 | N211: =AVERAGE(E192:E211) -> 1696.284 | O211: =AVERAGE(E162:E211) -> 1665.081 | P211: =AVERAGE(E12:E211) -> 1475.9474 | Q211: =Q210+(2/13)*(E211-Q210) -> 1712.3284 | R211: =R210+(2/27)*(E211-R210) -> 1692.014 | S211: =Q211-R211 -> 20.314408 | T211: =T210+(2/10)*(S211-T210) -> 20.357147 | U211: =S211-T211 -> -0.042739674 | V211: =IF(M211="","",IF(M211<Assumptions!$B$5,"BUY",IF(M211>Assumptions!$B$4,"SELL","HOLD"))) -> HOLD | W211: =IF(O211="","",IF(E211>O211,"BUY","SELL")) -> BUY | X211: =IF(T211="","",IF(S211>T211,"BUY","SELL")) -> SELL | Y211: =IF(OR(V211="",W211="",X211=""),"",IFERROR(IF(V211="BUY",1,IF(V211="SELL",-1,0))+IF(W211="BUY",1,IF(W211="SELL",-1,0))+IF(X211="BUY",1,IF(X211="SELL",-1,0)),0)) -> 0 | Z211: =IF(Y211="","",IF(Y211>=2,"STRONG BUY",IF(Y211=1,"BUY",IF(Y211=0,"HOLD",IF(Y211=-1,"SELL","STRONG SELL"))))) -> HOLD
A212: 46064 | B212: 1693.58 | C212: 1694.7 | D212: 1680.68 | E212: 1687.69 | F212: 4966422 | G212: =E212-E211 -> -32.11 | H212: =G212/E211 -> -0.018670776 | I212: =MAX(G212,0) -> 0 | J212: =MAX(-G212,0) -> 32.11 | K212: =(K211*13+I212)/14 -> 5.5742775 | L212: =(L211*13+J212)/14 -> 5.7825655 | M212: =IF(L212=0,100,100-100/(1+K212/MAX(L212,0.000001))) -> 49.082984 | N212: =AVERAGE(E193:E212) -> 1698.042 | O212: =AVERAGE(E163:E212) -> 1667.5874 | P212: =AVERAGE(E13:E212) -> 1477.6959 | Q212: =Q211+(2/13)*(E212-Q211) -> 1708.5378 | R212: =R211+(2/27)*(E212-R211) -> 1691.6937 | S212: =Q212-R212 -> 16.844184 | T212: =T211+(2/10)*(S212-T211) -> 19.654555 | U212: =S212-T212 -> -2.8103711 | V212: =IF(M212="","",IF(M212<Assumptions!$B$5,"BUY",IF(M212>Assumptions!$B$4,"SELL","HOLD"))) -> HOLD | W212: =IF(O212="","",IF(E212>O212,"BUY","SELL")) -> BUY | X212: =IF(T212="","",IF(S212>T212,"BUY","SELL")) -> SELL | Y212: =IF(OR(V212="",W212="",X212=""),"",IFERROR(IF(V212="BUY",1,IF(V212="SELL",-1,0))+IF(W212="BUY",1,IF(W212="SELL",-1,0))+IF(X212="BUY",1,IF(X212="SELL",-1,0)),0)) -> 0 | Z212: =IF(Y212="","",IF(Y212>=2,"STRONG BUY",IF(Y212=1,"BUY",IF(Y212=0,"HOLD",IF(Y212=-1,"SELL","STRONG SELL"))))) -> HOLD
A213: 46065 | B213: 1726.47 | C213: 1726.47 | D213: 1710.63 | E213: 1718.55 | F213: 5186623 | G213: =E213-E212 -> 30.86 | H213: =G213/E212 -> 0.018285349 | I213: =MAX(G213,0) -> 30.86 | J213: =MAX(-G213,0) -> 0 | K213: =(K212*13+I213)/14 -> 7.3804005 | L213: =(L212*13+J213)/14 -> 5.3695251 | M213: =IF(L213=0,100,100-100/(1+K213/MAX(L213,0.000001))) -> 57.885832 | N213: =AVERAGE(E194:E213) -> 1700.5765 | O213: =AVERAGE(E164:E213) -> 1670.5104 | P213: =AVERAGE(E14:E213) -> 1479.591 | Q213: =Q212+(2/13)*(E213-Q212) -> 1710.0782 | R213: =R212+(2/27)*(E213-R212) -> 1693.683 | S213: =Q213-R213 -> 16.395157 | T213: =T212+(2/10)*(S213-T212) -> 19.002675 | U213: =S213-T213 -> -2.6075183 | V213: =IF(M213="","",IF(M213<Assumptions!$B$5,"BUY",IF(M213>Assumptions!$B$4,"SELL","HOLD"))) -> HOLD | W213: =IF(O213="","",IF(E213>O213,"BUY","SELL")) -> BUY | X213: =IF(T213="","",IF(S213>T213,"BUY","SELL")) -> SELL | Y213: =IF(OR(V213="",W213="",X213=""),"",IFERROR(IF(V213="BUY",1,IF(V213="SELL",-1,0))+IF(W213="BUY",1,IF(W213="SELL",-1,0))+IF(X213="BUY",1,IF(X213="SELL",-1,0)),0)) -> 0 | Z213: =IF(Y213="","",IF(Y213>=2,"STRONG BUY",IF(Y213=1,"BUY",IF(Y213=0,"HOLD",IF(Y213=-1,"SELL","STRONG SELL"))))) -> HOLD
... A254: 46122 | B254: 1732.5 | C254: 1733.68 | D254: 1720.5 | E254: 1727.09 | F254: 5329853 | G254: =E254-E253 -> -10.34 | H254: =G254/E253 -> -0.0059513189 | I254: =MAX(G254,0) -> 0 | J254: =MAX(-G254,0) -> 10.34 | K254: =(K253*13+I254)/14 -> 5.6885404 | L254: =(L253*13+J254)/14 -> 7.1763609 | M254: =IF(L254=0,100,100-100/(1+K254/MAX(L254,0.000001))) -> 44.217521 | N254: =AVERAGE(E235:E254) -> 1754.792 | O254: =AVERAGE(E205:E254) -> 1748.6124 | P254: =AVERAGE(E55:E254) -> 1564.1182 | Q254: =Q253+(2/13)*(E254-Q253) -> 1741.2995 | R254: =R253+(2/27)*(E254-R253) -> 1746.5055 | S254: =Q254-R254 -> -5.2060067 | T254: =T253+(2/10)*(S254-T253) -> -2.4261261 | U254: =S254-T254 -> -2.7798805 | V254: =IF(M254="","",IF(M254<Assumptions!$B$5,"BUY",IF(M254>Assumptions!$B$4,"SELL","HOLD"))) -> HOLD | W254: =IF(O254="","",IF(E254>O254,"BUY","SELL")) -> SELL | X254: =IF(T254="","",IF(S254>T254,"BUY","SELL")) -> SELL | Y254: =IF(OR(V254="",W254="",X254=""),"",IFERROR(IF(V254="BUY",1,IF(V254="SELL",-1,0))+IF(W254="BUY",1,IF(W254="SELL",-1,0))+IF(X254="BUY",1,IF(X254="SELL",-1,0)),0)) -> -2 | Z254: =IF(Y254="","",IF(Y254>=2,"STRONG BUY",IF(Y254=1,"BUY",IF(Y254=0,"HOLD",IF(Y254=-1,"SELL","STRONG SELL"))))) -> STRONG SELL

Sheet Assumptions
A1: Thai SET Trading Model — Assumptions & Legend
A2: Parameter | B2: Value | C2: Description / Notes
A3: RSI Period (days) | B3: 14 | C3: Lookback window for RSI — standard is 14
A4: RSI Overbought Threshold | B4: 70 | C4: RSI above this → SELL signal (overbought)
A5: RSI Oversold Threshold | B5: 30 | C5: RSI below this → BUY signal (oversold)
A6: SMA Short Period | B6: 20 | C6: Fast simple moving average
A7: SMA Medium Period | B7: 50 | C7: Medium-term SMA (trend confirmation)
A8: SMA Long Period | B8: 200 | C8: Long-term SMA (major trend baseline)
A9: EMA Fast (MACD) | B9: 12 | C9: Fast EMA for MACD line calculation
A10: EMA Slow (MACD) | B10: 26 | C10: Slow EMA for MACD line calculation
A11: MACD Signal Period | B11: 9 | C11: Signal line smoothing (EMA of MACD)
A13: Color Coding Legend
A14: Blue text | B14: Sample | C14: Hardcoded inputs — change these to adjust scenarios
A15: Black text | B15: Sample | C15: Formulas & calculations — do not edit
A16: Green text | B16: Sample | C16: Cross-sheet links pulling from other worksheets
A17: Yellow fill | B17: Sample | C17: Key assumptions requiring attention
A18: Green fill | B18: Sample | C18: STRONG BUY signal
A19: Light green | B19: Sample | C19: BUY signal
A20: Gray fill | B20: Sample | C20: HOLD / neutral signal
A21: Light red | B21: Sample | C21: SELL signal
A22: Red fill | B22: Sample | C22: STRONG SELL signal
A24: ⚠ DISCLAIMER: This model is for informational and educational purposes only. It does not constitute financial advice. Past signals do not guarantee future returns. Always conduct your own research before making investment decisions.

Sheet PTT
A1: Thai SET Trading Model | PTT | Rule-Based Buy/Sell Signals
A2: Date | B2: Open | C2: High | D2: Low | E2: Close (THB) | F2: Volume | G2: Change | H2: % Change | I2: Gain | J2: Loss | K2: Avg Gain 14 | L2: Avg Loss 14 | M2: RSI (14) | N2: SMA 20 | O2: SMA 50 | P2: SMA 200 | Q2: EMA 12 | R2: EMA 26 | S2: MACD Line | T2: Signal Line | U2: Histogram | V2: RSI Signal | W2: MA Signal | X2: MACD Signal | Y2: Score | Z2: OVERALL
A3: 45771 | B3: 37.61 | C3: 37.61 | D3: 37.39 | E3: 37.5 | F3: 53648967
A4: 45772 | B4: 37.82 | C4: 37.82 | D4: 37.68 | E4: 37.75 | F4: 72694061 | G4: =E4-E3 -> 0.25 | H4: =G4/E3 -> 0.0066666667 | I4: =MAX(G4,0) -> 0.25 | J4: =MAX(-G4,0) -> 0
A5: 45775 | B5: 38.29 | C5: 38.29 | D5: 37.89 | E5: 38.09 | F5: 39233227 | G5: =E5-E4 -> 0.34 | H5: =G5/E4 -> 0.0090066225 | I5: =MAX(G5,0) -> 0.34 | J5: =MAX(-G5,0) -> 0
A6: 45776 | B6: 37.62 | C6: 37.62 | D6: 37.62 | E6: 37.62 | F6: 68778204 | G6: =E6-E5 -> -0.47 | H6: =G6/E5 -> -0.012339197 | I6: =MAX(G6,0) -> 0 | J6: =MAX(-G6,0) -> 0.47
A7: 45777 | B7: 37.3 | C7: 37.48 | D7: 36.98 | E7: 37.23 | F7: 59170260 | G7: =E7-E6 -> -0.39 | H7: =G7/E6 -> -0.010366826 | I7: =MAX(G7,0) -> 0 | J7: =MAX(-G7,0) -> 0.39
A8: 45778 | B8: 36.57 | C8: 36.78 | D8: 36.42 | E8: 36.6 | F8: 67559714 | G8: =E8-E7 -> -0.63 | H8: =G8/E7 -> -0.016921837 | I8: =MAX(G8,0) -> 0 | J8: =MAX(-G8,0) -> 0.63
A9: 45779 | B9: 36.68 | C9: 36.68 | D9: 36.36 | E9: 36.52 | F9: 56164202 | G9: =E9-E8 -> -0.08 | H9: =G9/E8 -> -0.0021857923 | I9: =MAX(G9,0) -> 0 | J9: =MAX(-G9,0) -> 0.08
A10: 45782 | B10: 36.52 | C10: 36.77 | D10: 36.15 | E10: 36.46 | F10: 53137830 | G10: =E10-E9 -> -0.06 | H10: =G10/E9 -> -0.0016429354 | I10: =MAX(G10,0) -> 0 | J10: =MAX(-G10,0) -> 0.06
A11: 45783 | B11: 36.47 | C11: 36.63 | D11: 36.47 | E11: 36.55 | F11: 45796623 | G11: =E11-E10 -> 0.09 | H11: =G11/E10 -> 0.0024684586 | I11: =MAX(G11,0) -> 0.09 | J11: =MAX(-G11,0) -> 0
A12: 45784 | B12: 36.43 | C12: 36.49 | D12: 35.87 | E12: 36.18 | F12: 30255120 | G12: =E12-E11 -> -0.37 | H12: =G12/E11 -> -0.010123119 | I12: =MAX(G12,0) -> 0 | J12: =MAX(-G12,0) -> 0.37
A13: 45785 | B13: 36.8 | C13: 36.8 | D13: 36.5 | E13: 36.65 | F13: 60238039 | G13: =E13-E12 -> 0.47 | H13: =G13/E12 -> 0.012990603 | I13: =MAX(G13,0) -> 0.47 | J13: =MAX(-G13,0) -> 0
A14: 45786 | B14: 37.29 | C14: 37.29 | D14: 36.97 | E14: 37.13 | F14: 44537502 | G14: =E14-E13 -> 0.48 | H14: =G14/E13 -> 0.013096862 | I14: =MAX(G14,0) -> 0.48 | J14: =MAX(-G14,0) -> 0 | Q14: =AVERAGE(E3:E14) -> 37.023333
A15: 45789 | B15: 38.08 | C15: 38.19 | D15: 37.71 | E15: 37.95 | F15: 63934870 | G15: =E15-E14 -> 0.82 | H15: =G15/E14 -> 0.022084568 | I15: =MAX(G15,0) -> 0.82 | J15: =MAX(-G15,0) -> 0 | Q15: =Q14+(2/13)*(E15-Q14) -> 37.165897
A16: 45790 | B16: 38.25 | C16: 38.41 | D16: 38.25 | E16: 38.33 | F16: 71685134 | G16: =E16-E15 -> 0.38 | H16: =G16/E15 -> 0.010013175 | I16: =MAX(G16,0) -> 0.38 | J16: =MAX(-G16,0) -> 0 | Q16: =Q15+(2/13)*(E16-Q15) -> 37.34499
A17: 45791 | B17: 38.3 | C17: 38.56 | D17: 38.3 | E17: 38.43 | F17: 63649191 | G17: =E17-E16 -> 0.1 | H17: =G17/E16 -> 0.0026089225 | I17: =MAX(G17,0) -> 0.1 | J17: =MAX(-G17,0) -> 0 | K17: =AVERAGE(I4:I17) -> 0.20928571 | L17: =AVERAGE(J4:J17) -> 0.14285714 | M17: =IF(L17=0,100,100-100/(1+K17/MAX(L17,0.000001))) -> 59.432049 | Q17: =Q16+(2/13)*(E17-Q16) -> 37.511915 | V17: =IF(M17="","",IF(M17<Assumptions!$B$5,"BUY",IF(M17>Assumptions!$B$4,"SELL","HOLD"))) -> HOLD
A18: 45792 | B18: 38.73 | C18: 39.14 | D18: 38.46 | E18: 38.8 | F18: 30342084 | G18: =E18-E17 -> 0.37 | H18: =G18/E17 -> 0.0096278949 | I18: =MAX(G18,0) -> 0.37 | J18: =MAX(-G18,0) -> 0 | K18: =(K17*13+I18)/14 -> 0.22076531 | L18: =(L17*13+J18)/14 -> 0.13265306 | M18: =IF(L18=0,100,100-100/(1+K18/MAX(L18,0.000001))) -> 62.465714 | Q18: =Q17+(2/13)*(E18-Q17) -> 37.710082 | V18: =IF(M18="","",IF(M18<Assumptions!$B$5,"BUY",IF(M18>Assumptions!$B$4,"SELL","HOLD"))) -> HOLD
A19: 45793 | B19: 39.01 | C19: 39.29 | D19: 38.99 | E19: 39.14 | F19: 39267060 | G19: =E19-E18 -> 0.34 | H19: =G19/E18 -> 0.0087628866 | I19: =MAX(G19,0) -> 0.34 | J19: =MAX(-G19,0) -> 0 | K19: =(K18*13+I19)/14 -> 0.22928207 | L19: =(L18*13+J19)/14 -> 0.12317784 | M19: =IF(L19=0,100,100-100/(1+K19/MAX(L19,0.000001))) -> 65.051957 | Q19: =Q18+(2/13)*(E19-Q18) -> 37.930069 | V19: =IF(M19="","",IF(M19<Assumptions!$B$5,"BUY",IF(M19>Assumptions!$B$4,"SELL","HOLD"))) -> HOLD
A20: 45796 | B20: 38.84 | C20: 38.96 | D20: 38.62 | E20: 38.79 | F20: 61002803 | G20: =E20-E19 -> -0.35 | H20: =G20/E19 -> -0.0089422586 | I20: =MAX(G20,0) -> 0 | J20: =MAX(-G20,0) -> 0.35 | K20: =(K19*13+I20)/14 -> 0.21290478 | L20: =(L19*13+J20)/14 -> 0.13937943 | M20: =IF(L20=0,100,100-100/(1+K20/MAX(L20,0.000001))) -> 60.435517 | Q20: =Q19+(2/13)*(E20-Q19) -> 38.062366 | V20: =IF(M20="","",IF(M20<Assumptions!$B$5,"BUY",IF(M20>Assumptions!$B$4,"SELL","HOLD"))) -> HOLD
A21: 45797 | B21: 39.44 | C21: 39.76 | D21: 39.24 | E21: 39.5 | F21: 51398156 | G21: =E21-E20 -> 0.71 | H21: =G21/E20 -> 0.018303687 | I21: =MAX(G21,0) -> 0.71 | J21: =MAX(-G21,0) -> 0 | K21: =(K20*13+I21)/14 -> 0.24841158 | L21: =(L20*13+J21)/14 -> 0.12942375 | M21: =IF(L21=0,100,100-100/(1+K21/MAX(L21,0.000001))) -> 65.74599 | Q21: =Q20+(2/13)*(E21-Q20) -> 38.283541 | V21: =IF(M21="","",IF(M21<Assumptions!$B$5,"BUY",IF(M21>Assumptions!$B$4,"SELL","HOLD"))) -> HOLD
A22: 45798 | B22: 40.6 | C22: 40.6 | D22: 40.34 | E22: 40.47 | F22: 65733869 | G22: =E22-E21 -> 0.97 | H22: =G22/E21 -> 0.024556962 | I22: =MAX(G22,0) -> 0.97 | J22: =MAX(-G22,0) -> 0 | K22: =(K21*13+I22)/14 -> 0.29995361 | L22: =(L21*13+J22)/14 -> 0.1201792 | M22: =IF(L22=0,100,100-100/(1+K22/MAX(L22,0.000001))) -> 71.39495 | N22: =AVERAGE(E3:E22) -> 37.7845 | Q22: =Q21+(2/13)*(E22-Q21) -> 38.619919 | V22: =IF(M22="","",IF(M22<Assumptions!$B$5,"BUY",IF(M22>Assumptions!$B$4,"SELL","HOLD"))) -> SELL
A23: 45799 | B23: 41.78 | C23: 41.95 | D23: 41.27 | E23: 41.61 | F23: 68502144 | G23: =E23-E22 -> 1.14 | H23: =G23/E22 -> 0.028169014 | I23: =MAX(G23,0) -> 1.14 | J23: =MAX(-G23,0) -> 0 | K23: =(K22*13+I23)/14 -> 0.35995692 | L23: =(L22*13+J23)/14 -> 0.11159497 | M23: =IF(L23=0,100,100-100/(1+K23/MAX(L23,0.000001))) -> 76.33453 | N23: =AVERAGE(E4:E23) -> 37.99 | Q23: =Q22+(2/13)*(E23-Q22) -> 39.079931 | V23: =IF(M23="","",IF(M23<Assumptions!$B$5,"BUY",IF(M23>Assumptions!$B$4,"SELL","HOLD"))) -> SELL
A24: 45800 | B24: 41.78 | C24: 42.08 | D24: 41.18 | E24: 41.63 | F24: 53726184 | G24: =E24-E23 -> 0.02 | H24: =G24/E23 -> 0.00048065369 | I24: =MAX(G24,0) -> 0.02 | J24: =MAX(-G24,0) -> 0 | K24: =(K23*13+I24)/14 -> 0.33567429 | L24: =(L23*13+J24)/14 -> 0.1036239 | M24: =IF(L24=0,100,100-100/(1+K24/MAX(L24,0.000001))) -> 76.411489 | N24: =AVERAGE(E5:E24) -> 38.184 | Q24: =Q23+(2/13)*(E24-Q23) -> 39.47225 | V24: =IF(M24="","",IF(M24<Assumptions!$B$5,"BUY",IF(M24>Assumptions!$B$4,"SELL","HOLD"))) -> SELL
A25: 45803 | B25: 41.81 | C25: 41.83 | D25: 41.81 | E25: 41.82 | F25: 42557703 | G25: =E25-E24 -> 0.19 | H25: =G25/E24 -> 0.0045640163 | I25: =MAX(G25,0) -> 0.19 | J25: =MAX(-G25,0) -> 0 | K25: =(K24*13+I25)/14 -> 0.32526898 | L25: =(L24*13+J25)/14 -> 0.096222193 | M25: =IF(L25=0,100,100-100/(1+K25/MAX(L25,0.000001))) -> 77.171006 | N25: =AVERAGE(E6:E25) -> 38.3705 | Q25: =Q24+(2/13)*(E25-Q24) -> 39.833442 | V25: =IF(M25="","",IF(M25<Assumptions!$B$5,"BUY",IF(M25>Assumptions!$B$4,"SELL","HOLD"))) -> SELL
A26: 45804 | B26: 42.18 | C26: 42.18 | D26: 41.96 | E26: 42.07 | F26: 23788751 | G26: =E26-E25 -> 0.25 | H26: =G26/E25 -> 0.005978001 | I26: =MAX(G26,0) -> 0.25 | J26: =MAX(-G26,0) -> 0 | K26: =(K25*13+I26)/14 -> 0.31989262 | L26: =(L25*13+J26)/14 -> 0.08934918 | M26: =IF(L26=0,100,100-100/(1+K26/MAX(L26,0.000001))) -> 78.167143 | N26: =AVERAGE(E7:E26) -> 38.593 | Q26: =Q25+(2/13)*(E26-Q25) -> 40.177528 | V26: =IF(M26="","",IF(M26<Assumptions!$B$5,"BUY",IF(M26>Assumptions!$B$4,"SELL","HOLD"))) -> SELL
A27: 45805 | B27: 42.01 | C27: 42.13 | D27: 42.01 | E27: 42.07 | F27: 33360951 | G27: =E27-E26 -> 0 | H27: =G27/E26 -> 0 | I27: =MAX(G27,0) -> 0 | J27: =MAX(-G27,0) -> 0 | K27: =(K26*13+I27)/14 -> 0.29704315 | L27: =(L26*13+J27)/14 -> 0.082967095 | M27: =IF(L27=0,100,100-100/(1+K27/MAX(L27,0.000001))) -> 78.167143 | N27: =AVERAGE(E8:E27) -> 38.835 | Q27: =Q26+(2/13)*(E27-Q26) -> 40.468677 | V27: =IF(M27="","",IF(M27<Assumptions!$B$5,"BUY",IF(M27>Assumptions!$B$4,"SELL","HOLD"))) -> SELL
A28: 45806 | B28: 42.38 | C28: 42.54 | D28: 42.34 | E28: 42.44 | F28: 38466858 | G28: =E28-E27 -> 0.37 | H28: =G28/E27 -> 0.0087948657 | I28: =MAX(G28,0) -> 0.37 | J28: =MAX(-G28,0) -> 0 | K28: =(K27*13+I28)/14 -> 0.30225436 | L28: =(L27*13+J28)/14 -> 0.077040874 | M28: =IF(L28=0,100,100-100/(1+K28/MAX(L28,0.000001))) -> 79.688415 | N28: =AVERAGE(E9:E28) -> 39.127 | Q28: =Q27+(2/13)*(E28-Q27) -> 40.771958 | R28: =AVERAGE(E3:E28) -> 38.743462 | S28: =Q28-R28 -> 2.0284963 | V28: =IF(M28="","",IF(M28<Assumptions!$B$5,"BUY",IF(M28>Assumptions!$B$4,"SELL","HOLD"))) -> SELL
A29: 45807 | B29: 42.42 | C29: 42.57 | D29: 42.17 | E29: 42.37 | F29: 49824330 | G29: =E29-E28 -> -0.07 | H29: =G29/E28 -> -0.0016493874 | I29: =MAX(G29,0) -> 0 | J29: =MAX(-G29,0) -> 0.07 | K29: =(K28*13+I29)/14 -> 0.28066476 | L29: =(L28*13+J29)/14 -> 0.076537955 | M29: =IF(L29=0,100,100-100/(1+K29/MAX(L29,0.000001))) -> 78.572964 | N29: =AVERAGE(E10:E29) -> 39.4195 | Q29: =Q28+(2/13)*(E29-Q28) -> 41.01781 | R29: =R28+(2/27)*(E29-R28) -> 39.012094 | S29: =Q29-R29 -> 2.0057165 | V29: =IF(M29="","",IF(M29<Assumptions!$B$5,"BUY",IF(M29>Assumptions!$B$4,"SELL","HOLD"))) -> SELL
A30: 45810 | B30: 42.12 | C30: 42.54 | D30: 41.98 | E30: 42.26 | F30: 46806136 | G30: =E30-E29 -> -0.11 | H30: =G30/E29 -> -0.0025961765 | I30: =MAX(G30,0) -> 0 | J30: =MAX(-G30,0) -> 0.11 | K30: =(K29*13+I30)/14 -> 0.26061728 | L30: =(L29*13+J30)/14 -> 0.078928101 | M30: =IF(L30=0,100,100-100/(1+K30/MAX(L30,0.000001))) -> 76.754771 | N30: =AVERAGE(E11:E30) -> 39.7095 | Q30: =Q29+(2/13)*(E30-Q29) -> 41.208917 | R30: =R29+(2/27)*(E30-R29) -> 39.25268 | S30: =Q30-R30 -> 1.9562369 | V30: =IF(M30="","",IF(M30<Assumptions!$B$5,"BUY",IF(M30>Assumptions!$B$4,"SELL","HOLD"))) -> SELL
A31: 45811 | B31: 43.21 | C31: 43.43 | D31: 43.21 | E31: 43.32 | F31: 58541865 | G31: =E31-E30 -> 1.06 | H31: =G31/E30 -> 0.025082821 | I31: =MAX(G31,0) -> 1.06 | J31: =MAX(-G31,0) -> 0 | K31: =(K30*13+I31)/14 -> 0.31771604 | L31: =(L30*13+J31)/14 -> 0.073290379 | M31: =IF(L31=0,100,100-100/(1+K31/MAX(L31,0.000001))) -> 81.255965 | N31: =AVERAGE(E12:E31) -> 40.048 | Q31: =Q30+(2/13)*(E31-Q30) -> 41.533699 | R31: =R30+(2/27)*(E31-R30) -> 39.553963 | S31: =Q31-R31 -> 1.979736 | V31: =IF(M31="","",IF(M31<Assumptions!$B$5,"BUY",IF(M31>Assumptions!$B$4,"SELL","HOLD"))) -> SELL
A32: 45812 | B32: 43.63 | C32: 43.63 | D32: 43.21 | E32: 43.42 | F32: 33532449 | G32: =E32-E31 -> 0.1 | H32: =G32/E31 -> 0.0023084026 | I32: =MAX(G32,0) -> 0.1 | J32: =MAX(-G32,0) -> 0 | K32: =(K31*13+I32)/14 -> 0.3021649 | L32: =(L31*13+J32)/14 -> 0.068055352 | M32: =IF(L32=0,100,100-100/(1+K32/MAX(L32,0.000001))) -> 81.617604 | N32: =AVERAGE(E13:E32) -> 40.41 | Q32: =Q31+(2/13)*(E32-Q31) -> 41.823899 | R32: =R31+(2/27)*(E32-R31) -> 39.840336 | S32: =Q32-R32 -> 1.9835631 | V32: =IF(M32="","",IF(M32<Assumptions!$B$5,"BUY",IF(M32>Assumptions!$B$4,"SELL","HOLD"))) -> SELL
A33: 45813 | B33: 43.5 | C33: 43.68 | D33: 43.26 | E33: 43.47 | F33: 34208333 | G33: =E33-E32 -> 0.05 | H33: =G33/E32 -> 0.0011515431 | I33: =MAX(G33,0) -> 0.05 | J33: =MAX(-G33,0) -> 0 | K33: =(K32*13+I33)/14 -> 0.28415312 | L33: =(L32*13+J33)/14 -> 0.063194256 | M33: =IF(L33=0,100,100-100/(1+K33/MAX(L33,0.000001))) -> 81.806612 | N33: =AVERAGE(E14:E33) -> 40.751 | Q33: =Q32+(2/13)*(E33-Q32) -> 42.077145 | R33: =R32+(2/27)*(E33-R32) -> 40.1092 | S33: =Q33-R33 -> 1.9679454 | V33: =IF(M33="","",IF(M33<Assumptions!$B$5,"BUY",IF(M33>Assumptions!$B$4,"SELL","HOLD"))) -> SELL
A34: 45814 | B34: 44.23 | C34: 44.23 | D34: 43.79 | E34: 44.01 | F34: 43216653 | G34: =E34-E33 -> 0.54 | H34: =G34/E33 -> 0.01242236 | I34: =MAX(G34,0) -> 0.54 | J34: =MAX(-G34,0) -> 0 | K34: =(K33*13+I34)/14 -> 0.30242789 | L34: =(L33*13+J34)/14 -> 0.05868038 | M34: =IF(L34=0,100,100-100/(1+K34/MAX(L34,0.000001))) -> 83.749921 | N34: =AVERAGE(E15:E34) -> 41.095 | Q34: =Q33+(2/13)*(E34-Q33) -> 42.374507 | R34: =R33+(2/27)*(E34-R33) -> 40.398148 | S34: =Q34-R34 -> 1.9763595 | V34: =IF(M34="","",IF(M34<Assumptions!$B$5,"BUY",IF(M34>Assumptions!$B$4,"SELL","HOLD"))) -> SELL
A35: 45817 | B35: 44.06 | C35: 44.16 | D35: 44.06 | E35: 44.11 | F35: 49999494 | G35: =E35-E34 -> 0.1 | H35: =G35/E34 -> 0.0022722109 | I35: =MAX(G35,0) -> 0.1 | J35: =MAX(-G35,0) -> 0 | K35: =(K34*13+I35)/14 -> 0.28796876 | L35: =(L34*13+J35)/14 -> 0.054488924 | M35: =IF(L35=0,100,100-100/(1+K35/MAX(L35,0.000001))) -> 84.088859 | N35: =AVERAGE(E16:E35) -> 41.403 | Q35: =Q34+(2/13)*(E35-Q34) -> 42.641506 | R35: =R34+(2/27)*(E35-R34) -> 40.6731 | S35: =Q35-R35 -> 1.9684063 | V35: =IF(M35="","",IF(M35<Assumptions!$B$5,"BUY",IF(M35>Assumptions!$B$4,"SELL","HOLD"))) -> SELL
A36: 45818 | B36: 44.45 | C36: 44.67 | D36: 43.91 | E36: 44.29 | F36: 34176063 | G36: =E36-E35 -> 0.18 | H36: =G36/E35 -> 0.0040807073 | I36: =MAX(G36,0) -> 0.18 | J36: =MAX(-G36,0) -> 0 | K36: =(K35*13+I36)/14 -> 0.28025671 | L36: =(L35*13+J36)/14 -> 0.050596858 | M36: =IF(L36=0,100,100-100/(1+K36/MAX(L36,0.000001))) -> 84.707174 | N36: =AVERAGE(E17:E36) -> 41.701 | Q36: =Q35+(2/13)*(E36-Q35) -> 42.895121 | R36: =R35+(2/27)*(E36-R35) -> 40.941018 | S36: =Q36-R36 -> 1.9541022 | T36: =AVERAGE(S28:S36) -> 1.9800625 | U36: =S36-T36 -> -0.025960224 | V36: =IF(M36="","",IF(M36<Assumptions!$B$5,"BUY",IF(M36>Assumptions!$B$4,"SELL","HOLD"))) -> SELL | X36: =IF(T36="","",IF(S36>T36,"BUY","SELL")) -> SELL
A37: 45819 | B37: 44.47 | C37: 44.67 | D37: 43.85 | E37: 44.26 | F37: 58511445 | G37: =E37-E36 -> -0.03 | H37: =G37/E36 -> -0.0006773538 | I37: =MAX(G37,0) -> 0 | J37: =MAX(-G37,0) -> 0.03 | K37: =(K36*13+I37)/14 -> 0.26023837 | L37: =(L36*13+J37)/14 -> 0.049125654 | M37: =IF(L37=0,100,100-100/(1+K37/MAX(L37,0.000001))) -> 84.120437 | N37: =AVERAGE(E18:E37) -> 41.9925 | Q37: =Q36+(2/13)*(E37-Q36) -> 43.105102 | R37: =R36+(2/27)*(E37-R36) -> 41.186869 | S37: =Q37-R37 -> 1.9182332 | T37: =T36+(2/10)*(S37-T36) -> 1.9676966 | U37: =S37-T37 -> -0.049463423 | V37: =IF(M37="","",IF(M37<Assumptions!$B$5,"BUY",IF(M37>Assumptions!$B$4,"SELL","HOLD"))) -> SELL | X37: =IF(T37="","",IF(S37>T37,"BUY","SELL")) -> SELL
A38: 45820 | B38: 43.52 | C38: 43.68 | D38: 43.34 | E38: 43.51 | F38: 36079346 | G38: =E38-E37 -> -0.75 | H38: =G38/E37 -> -0.016945323 | I38: =MAX(G38,0) -> 0 | J38: =MAX(-G38,0) -> 0.75 | K38: =(K37*13+I38)/14 -> 0.24164991 | L38: =(L37*13+J38)/14 -> 0.099188108 | M38: =IF(L38=0,100,100-100/(1+K38/MAX(L38,0.000001))) -> 70.898755 | N38: =AVERAGE(E19:E38) -> 42.228 | Q38: =Q37+(2/13)*(E38-Q37) -> 43.167394 | R38: =R37+(2/27)*(E38-R37) -> 41.358953 | S38: =Q38-R38 -> 1.8084414 | T38: =T37+(2/10)*(S38-T37) -> 1.9358456 | U38: =S38-T38 -> -0.12740418 | V38: =IF(M38="","",IF(M38<Assumptions!$B$5,"BUY",IF(M38>Assumptions!$B$4,"SELL","HOLD"))) -> SELL | X38: =IF(T38="","",IF(S38>T38,"BUY","SELL")) -> SELL
A39: 45821 | B39: 43.44 | C39: 43.62 | D39: 43.38 | E39: 43.5 | F39: 10888164 | G39: =E39-E38 -> -0.01 | H39: =G39/E38 -> -0.00022983222 | I39: =MAX(G39,0) -> 0 | J39: =MAX(-G39,0) -> 0.01 | K39: =(K38*13+I39)/14 -> 0.22438921 | L39: =(L38*13+J39)/14 -> 0.092817528 | M39: =IF(L39=0,100,100-100/(1+K39/MAX(L39,0.000001))) -> 70.739105 | N39: =AVERAGE(E20:E39) -> 42.446 | Q39: =Q38+(2/13)*(E39-Q38) -> 43.218564 | R39: =R38+(2/27)*(E39-R38) -> 41.517549 | S39: =Q39-R39 -> 1.7010154 | T39: =T38+(2/10)*(S39-T38) -> 1.8888795 | U39: =S39-T39 -> -0.18786411 | V39: =IF(M39="","",IF(M39<Assumptions!$B$5,"BUY",IF(M39>Assumptions!$B$4,"SELL","HOLD"))) -> SELL | X39: =IF(T39="","",IF(S39>T39,"BUY","SELL")) -> SELL
A40: 45824 | B40: 42.85 | C40: 43.06 | D40: 42.58 | E40: 42.82 | F40: 68873453 | G40: =E40-E39 -> -0.68 | H40: =G40/E39 -> -0.015632184 | I40: =MAX(G40,0) -> 0 | J40: =MAX(-G40,0) -> 0.68 | K40: =(K39*13+I40)/14 -> 0.20836141 | L40: =(L39*13+J40)/14 -> 0.13475913 | M40: =IF(L40=0,100,100-100/(1+K40/MAX(L40,0.000001))) -> 60.725425 | N40: =AVERAGE(E21:E40) -> 42.6475 | Q40: =Q39+(2/13)*(E40-Q39) -> 43.157247 | R40: =R39+(2/27)*(E40-R39) -> 41.614027 | S40: =Q40-R40 -> 1.54322 | T40: =T39+(2/10)*(S40-T39) -> 1.8197476 | U40: =S40-T40 -> -0.27652764 | V40: =IF(M40="","",IF(M40<Assumptions!$B$5,"BUY",IF(M40>Assumptions!$B$4,"SELL","HOLD"))) -> HOLD | X40: =IF(T40="","",IF(S40>T40,"BUY","SELL")) -> SELL
A41: 45825 | B41: 42.98 | C41: 42.99 | D41: 42.91 | E41: 42.95 | F41: 69518207 | G41: =E41-E40 -> 0.13 | H41: =G41/E40 -> 0.0030359645 | I41: =MAX(G41,0) -> 0.13 | J41: =MAX(-G41,0) -> 0 | K41: =(K40*13+I41)/14 -> 0.20276416 | L41: =(L40*13+J41)/14 -> 0.12513348 | M41: =IF(L41=0,100,100-100/(1+K41/MAX(L41,0.000001))) -> 61.837639 | N41: =AVERAGE(E22:E41) -> 42.82 | Q41: =Q40+(2/13)*(E41-Q40) -> 43.125363 | R41: =R40+(2/27)*(E41-R40) -> 41.712988 | S41: =Q41-R41 -> 1.4123749 | T41: =T40+(2/10)*(S41-T40) -> 1.7382731 | U41: =S41-T41 -> -0.32589819 | V41: =IF(M41="","",IF(M41<Assumptions!$B$5,"BUY",IF(M41>Assumptions!$B$4,"SELL","HOLD"))) -> HOLD | X41: =IF(T41="","",IF(S41>T41,"BUY","SELL")) -> SELL
A42: 45826 | B42: 42.3 | C42: 42.35 | D42: 42.15 | E42: 42.25 | F42: 106251842 | G42: =E42-E41 -> -0.7 | H42: =G42/E41 -> -0.016298021 | I42: =MAX(G42,0) -> 0 | J42: =MAX(-G42,0) -> 0.7 | K42: =(K41*13+I42)/14 -> 0.18828101 | L42: =(L41*13+J42)/14 -> 0.16619538 | M42: =IF(L42=0,100,100-100/(1+K42/MAX(L42,0.000001))) -> 53.115247 | N42: =AVERAGE(E23:E42) -> 42.909 | Q42: =Q41+(2/13)*(E42-Q41) -> 42.990691 | R42: =R41+(2/27)*(E42-R41) -> 41.752766 | S42: =Q42-R42 -> 1.237925 | T42: =T41+(2/10)*(S42-T41) -> 1.6382035 | U42: =S42-T42 -> -0.40027843 | V42: =IF(M42="","",IF(M42<Assumptions!$B$5,"BUY",IF(M42>Assumptions!$B$4,"SELL","HOLD"))) -> HOLD | X42: =IF(T42="","",IF(S42>T42,"BUY","SELL")) -> SELL
A43: 45827 | B43: 42.83 | C43: 42.84 | D43: 42.76 | E43: 42.8 | F43: 80345502 | G43: =E43-E42 -> 0.55 | H43: =G43/E42 -> 0.013017751 | I43: =MAX(G43,0) -> 0.55 | J43: =MAX(-G43,0) -> 0 | K43: =(K42*13+I43)/14 -> 0.21411808 | L43: =(L42*13+J43)/14 -> 0.15432428 | M43: =IF(L43=0,100,100-100/(1+K43/MAX(L43,0.000001))) -> 58.114404 | N43: =AVERAGE(E24:E43) -> 42.9685 | Q43: =Q42+(2/13)*(E43-Q42) -> 42.961354 | R43: =R42+(2/27)*(E43-R42) -> 41.830339 | S43: =Q43-R43 -> 1.131015 | T43: =T42+(2/10)*(S43-T42) -> 1.5367658 | U43: =S43-T43 -> -0.40575075 | V43: =IF(M43="","",IF(M43<Assumptions!$B$5,"BUY",IF(M43>Assumptions!$B$4,"SELL","HOLD"))) -> HOLD | X43: =IF(T43="","",IF(S43>T43,"BUY","SELL")) -> SELL
A44: 45828 | B44: 43.08 | C44: 43.47 | D44: 43.05 | E44: 43.26 | F44: 24938848 | G44: =E44-E43 -> 0.46 | H44: =G44/E43 -> 0.010747664 | I44: =MAX(G44,0) -> 0.46 | J44: =MAX(-G44,0) -> 0 | K44: =(K43*13+I44)/14 -> 0.23168107 | L44: =(L43*13+J44)/14 -> 0.14330111 | M44: =IF(L44=0,100,100-100/(1+K44/MAX(L44,0.000001))) -> 61.784554 | N44: =AVERAGE(E25:E44) -> 43.05 | Q44: =Q43+(2/13)*(E44-Q43) -> 43.0073 | R44: =R43+(2/27)*(E44-R43) -> 41.93624 | S44: =Q44-R44 -> 1.0710597 | T44: =T43+(2/10)*(S44-T43) -> 1.4436246 | U44: =S44-T44 -> -0.37256484 | V44: =IF(M44="","",IF(M44<Assumptions!$B$5,"BUY",IF(M44>Assumptions!$B$4,"SELL","HOLD"))) -> HOLD | X44: =IF(T44="","",IF(S44>T44,"BUY","SELL")) -> SELL
A45: 45831 | B45: 43.54 | C45: 43.57 | D45: 43.29 | E45: 43.43 | F45: 62976033 | G45: =E45-E44 -> 0.17 | H45: =G45/E44 -> 0.0039297272 | I45: =MAX(G45,0) -> 0.17 | J45: =MAX(-G45,0) -> 0 | K45: =(K44*13+I45)/14 -> 0.22727528 | L45: =(L44*13+J45)/14 -> 0.13306532 | M45: =IF(L45=0,100,100-100/(1+K45/MAX(L45,0.000001))) -> 63.072349 | N45: =AVERAGE(E26:E45) -> 43.1305 | Q45: =Q44+(2/13)*(E45-Q44) -> 43.072331 | R45: =R44+(2/27)*(E45-R44) -> 42.046889 | S45: =Q45-R45 -> 1.0254417 | T45: =T44+(2/10)*(S45-T44) -> 1.359988 | U45: =S45-T45 -> -0.33454634 | V45: =IF(M45="","",IF(M45<Assumptions!$B$5,"BUY",IF(M45>Assumptions!$B$4,"SELL","HOLD"))) -> HOLD | X45: =IF(T45="","",IF(S45>T45,"BUY","SELL")) -> SELL
A46: 45832 | B46: 43.54 | C46: 43.72 | D46: 43.02 | E46: 43.37 | F46: 70952152 | G46: =E46-E45 -> -0.06 | H46: =G46/E45 -> -0.0013815335 | I46: =MAX(G46,0) -> 0 | J46: =MAX(-G46,0) -> 0.06 | K46: =(K45*13+I46)/14 -> 0.21104133 | L46: =(L45*13+J46)/14 -> 0.12784637 | M46: =IF(L46=0,100,100-100/(1+K46/MAX(L46,0.000001))) -> 62.27471 | N46: =AVERAGE(E27:E46) -> 43.1955 | Q46: =Q45+(2/13)*(E46-Q45) -> 43.118126 | R46: =R45+(2/27)*(E46-R45) -> 42.144897 | S46: =Q46-R46 -> 0.97322872 | T46: =T45+(2/10)*(S46-T45) -> 1.2826361 | U46: =S46-T46 -> -0.30940741 | V46: =IF(M46="","",IF(M46<Assumptions!$B$5,"BUY",IF(M46>Assumptions!$B$4,"SELL","HOLD"))) -> HOLD | X46: =IF(T46="","",IF(S46>T46,"BUY","SELL")) -> SELL
A47: 45833 | B47: 43.64 | C47: 43.66 | D47: 43.6 | E47: 43.63 | F47: 61822926 | G47: =E47-E46 -> 0.26 | H47: =G47/E46 -> 0.0059949274 | I47: =MAX(G47,0) -> 0.26 | J47: =MAX(-G47,0) -> 0 | K47: =(K46*13+I47)/14 -> 0.21453838 | L47: =(L46*13+J47)/14 -> 0.11871449 | M47: =IF(L47=0,100,100-100/(1+K47/MAX(L47,0.000001))) -> 64.377055 | N47: =AVERAGE(E28:E47) -> 43.2735 | Q47: =Q46+(2/13)*(E47-Q46) -> 43.196876 | R47: =R46+(2/27)*(E47-R46) -> 42.254905 | S47: =Q47-R47 -> 0.94197097 | T47: =T46+(2/10)*(S47-T46) -> 1.2145031 | U47: =S47-T47 -> -0.27253213 | V47: =IF(M47="","",IF(M47<Assumptions!$B$5,"BUY",IF(M47>Assumptions!$B$4,"SELL","HOLD"))) -> HOLD | X47: =IF(T47="","",IF(S47>T47,"BUY","SELL")) -> SELL
A48: 45834 | B48: 42.54 | C48: 42.54 | D48: 42.36 | E48: 42.45 | F48: 30993493 | G48: =E48-E47 -> -1.18 | H48: =G48/E47 -> -0.027045611 | I48: =MAX(G48,0) -> 0 | J48: =MAX(-G48,0) -> 1.18 | K48: =(K47*13+I48)/14 -> 0.19921421 | L48: =(L47*13+J48)/14 -> 0.19452059 | M48: =IF(L48=0,100,100-100/(1+K48/MAX(L48,0.000001))) -> 50.596038 | N48: =AVERAGE(E29:E48) -> 43.274 | Q48: =Q47+(2/13)*(E48-Q47) -> 43.081972 | R48: =R47+(2/27)*(E48-R47) -> 42.269356 | S48: =Q48-R48 -> 0.81261551 | T48: =T47+(2/10)*(S48-T47) -> 1.1341256 | U48: =S48-T48 -> -0.32151007 | V48: =IF(M48="","",IF(M48<Assumptions!$B$5,"BUY",IF(M48>Assumptions!$B$4,"SELL","HOLD"))) -> HOLD | X48: =IF(T48="","",IF(S48>T48,"BUY","SELL")) -> SELL
... A51: 45839 | B51: 42.08 | C51: 42.33 | D51: 41.55 | E51: 41.94 | F51: 41822756 | G51: =E51-E50 -> 0.21 | H51: =G51/E50 -> 0.0050323508 | I51: =MAX(G51,0) -> 0.21 | J51: =MAX(-G51,0) -> 0 | K51: =(K50*13+I51)/14 -> 0.17450205 | L51: =(L50*13+J51)/14 -> 0.20046711 | M51: =IF(L51=0,100,100-100/(1+K51/MAX(L51,0.000001))) -> 46.537707 | N51: =AVERAGE(E32:E51) -> 43.1505 | Q51: =Q50+(2/13)*(E51-Q50) -> 42.59018 | R51: =R50+(2/27)*(E51-R50) -> 42.178794 | S51: =Q51-R51 -> 0.41138506 | T51: =T50+(2/10)*(S51-T50) -> 0.82795077 | U51: =S51-T51 -> -0.41656571 | V51: =IF(M51="","",IF(M51<Assumptions!$B$5,"BUY",IF(M51>Assumptions!$B$4,"SELL","HOLD"))) -> HOLD | X51: =IF(T51="","",IF(S51>T51,"BUY","SELL")) -> SELL
A52: 45840 | B52: 41.93 | C52: 41.93 | D52: 41.87 | E52: 41.9 | F52: 36761239 | G52: =E52-E51 -> -0.04 | H52: =G52/E51 -> -0.00095374344 | I52: =MAX(G52,0) -> 0 | J52: =MAX(-G52,0) -> 0.04 | K52: =(K51*13+I52)/14 -> 0.16203762 | L52: =(L51*13+J52)/14 -> 0.18900517 | M52: =IF(L52=0,100,100-100/(1+K52/MAX(L52,0.000001))) -> 46.158936 | N52: =AVERAGE(E33:E52) -> 43.0745 | O52: =AVERAGE(E3:E52) -> 40.8038 | Q52: =Q51+(2/13)*(E52-Q51) -> 42.483998 | R52: =R51+(2/27)*(E52-R51) -> 42.158143 | S52: =Q52-R52 -> 0.32585503 | T52: =T51+(2/10)*(S52-T51) -> 0.72753162 | U52: =S52-T52 -> -0.40167659 | V52: =IF(M52="","",IF(M52<Assumptions!$B$5,"BUY",IF(M52>Assumptions!$B$4,"SELL","HOLD"))) -> HOLD | W52: =IF(O52="","",IF(E52>O52,"BUY","SELL")) -> BUY | X52: =IF(T52="","",IF(S52>T52,"BUY","SELL")) -> SELL | Y52: =IF(OR(V52="",W52="",X52=""),"",IFERROR(IF(V52="BUY",1,IF(V52="SELL",-1,0))+IF(W52="BUY",1,IF(W52="SELL",-1,0))+IF(X52="BUY",1,IF(X52="SELL",-1,0)),0)) -> 0 | Z52: =IF(Y52="","",IF(Y52>=2,"STRONG BUY",IF(Y52=1,"BUY",IF(Y52=0,"HOLD",IF(Y52=-1,"SELL","STRONG SELL"))))) -> HOLD
A53: 45841 | B53: 41.34 | C53: 41.62 | D53: 41.02 | E53: 41.32 | F53: 50493327 | G53: =E53-E52 -> -0.58 | H53: =G53/E52 -> -0.013842482 | I53: =MAX(G53,0) -> 0 | J53: =MAX(-G53,0) -> 0.58 | K53: =(K52*13+I53)/14 -> 0.1504635 | L53: =(L52*13+J53)/14 -> 0.21693337 | M53: =IF(L53=0,100,100-100/(1+K53/MAX(L53,0.000001))) -> 40.953941 | N53: =AVERAGE(E34:E53) -> 42.967 | O53: =AVERAGE(E4:E53) -> 40.8802 | Q53: =Q52+(2/13)*(E53-Q52) -> 42.304921 | R53: =R52+(2/27)*(E53-R52) -> 42.096058 | S53: =Q53-R53 -> 0.20886308 | T53: =T52+(2/10)*(S53-T52) -> 0.62379791 | U53: =S53-T53 -> -0.41493483 | V53: =IF(M53="","",IF(M53<Assumptions!$B$5,"BUY",IF(M53>Assumptions!$B$4,"SELL","HOLD"))) -> HOLD | W53: =IF(O53="","",IF(E53>O53,"BUY","SELL")) -> BUY | X53: =IF(T53="","",IF(S53>T53,"BUY","SELL")) -> SELL | Y53: =IF(OR(V53="",W53="",X53=""),"",IFERROR(IF(V53="BUY",1,IF(V53="SELL",-1,0))+IF(W53="BUY",1,IF(W53="SELL",-1,0))+IF(X53="BUY",1,IF(X53="SELL",-1,0)),0)) -> 0 | Z53: =IF(Y53="","",IF(Y53>=2,"STRONG BUY",IF(Y53=1,"BUY",IF(Y53=0,"HOLD",IF(Y53=-1,"SELL","STRONG SELL"))))) -> HOLD
A54: 45842 | B54: 41.26 | C54: 41.54 | D54: 41.26 | E54: 41.4 | F54: 60396858 | G54: =E54-E53 -> 0.08 | H54: =G54/E53 -> 0.0019361084 | I54: =MAX(G54,0) -> 0.08 | J54: =MAX(-G54,0) -> 0 | K54: =(K53*13+I54)/14 -> 0.14543039 | L54: =(L53*13+J54)/14 -> 0.20143813 | M54: =IF(L54=0,100,100-100/(1+K54/MAX(L54,0.000001))) -> 41.926662 | N54: =AVERAGE(E35:E54) -> 42.8365 | O54: =AVERAGE(E5:E54) -> 40.9532 | Q54: =Q53+(2/13)*(E54-Q53) -> 42.165703 | R54: =R53+(2/27)*(E54-R53) -> 42.044498 | S54: =Q54-R54 -> 0.12120427 | T54: =T53+(2/10)*(S54-T53) -> 0.52327918 | U54: =S54-T54 -> -0.40207491 | V54: =IF(M54="","",IF(M54<Assumptions!$B$5,"BUY",IF(M54>Assumptions!$B$4,"SELL","HOLD"))) -> HOLD | W54: =IF(O54="","",IF(E54>O54,"BUY","SELL")) -> BUY | X54: =IF(T54="","",IF(S54>T54,"BUY","SELL")) -> SELL | Y54: =IF(OR(V54="",W54="",X54=""),"",IFERROR(IF(V54="BUY",1,IF(V54="SELL",-1,0))+IF(W54="BUY",1,IF(W54="SELL",-1,0))+IF(X54="BUY",1,IF(X54="SELL",-1,0)),0)) -> 0 | Z54: =IF(Y54="","",IF(Y54>=2,"STRONG BUY",IF(Y54=1,"BUY",IF(Y54=0,"HOLD",IF(Y54=-1,"SELL","STRONG SELL"))))) -> HOLD
A55: 45845 | B55: 41.16 | C55: 41.16 | D55: 41.12 | E55: 41.14 | F55: 46205876 | G55: =E55-E54 -> -0.26 | H55: =G55/E54 -> -0.0062801932 | I55: =MAX(G55,0) -> 0 | J55: =MAX(-G55,0) -> 0.26 | K55: =(K54*13+I55)/14 -> 0.13504251 | L55: =(L54*13+J55)/14 -> 0.20562112 | M55: =IF(L55=0,100,100-100/(1+K55/MAX(L55,0.000001))) -> 39.641011 | N55: =AVERAGE(E36:E55) -> 42.688 | O55: =AVERAGE(E6:E55) -> 41.0142 | Q55: =Q54+(2/13)*(E55-Q54) -> 42.007902 | R55: =R54+(2/27)*(E55-R54) -> 41.977499 | S55: =Q55-R55 -> 0.030403737 | T55: =T54+(2/10)*(S55-T54) -> 0.42470409 | U55: =S55-T55 -> -0.39430036 | V55: =IF(M55="","",IF(M55<Assumptions!$B$5,"BUY",IF(M55>Assumptions!$B$4,"SELL","HOLD"))) -> HOLD | W55: =IF(O55="","",IF(E55>O55,"BUY","SELL")) -> BUY | X55: =IF(T55="","",IF(S55>T55,"BUY","SELL")) -> SELL | Y55: =IF(OR(V55="",W55="",X55=""),"",IFERROR(IF(V55="BUY",1,IF(V55="SELL",-1,0))+IF(W55="BUY",1,IF(W55="SELL",-1,0))+IF(X55="BUY",1,IF(X55="SELL",-1,0)),0)) -> 0 | Z55: =IF(Y55="","",IF(Y55>=2,"STRONG BUY",IF(Y55=1,"BUY",IF(Y55=0,"HOLD",IF(Y55=-1,"SELL","STRONG SELL"))))) -> HOLD
A56: 45846 | B56: 40.59 | C56: 40.62 | D56: 40.44 | E56: 40.53 | F56: 48961063 | G56: =E56-E55 -> -0.61 | H56: =G56/E55 -> -0.014827419 | I56: =MAX(G56,0) -> 0 | J56: =MAX(-G56,0) -> 0.61 | K56: =(K55*13+I56)/14 -> 0.12539662 | L56: =(L55*13+J56)/14 -> 0.23450533 | M56: =IF(L56=0,100,100-100/(1+K56/MAX(L56,0.000001))) -> 34.841883 | N56: =AVERAGE(E37:E56) -> 42.5 | O56: =AVERAGE(E7:E56) -> 41.0724 | Q56: =Q55+(2/13)*(E56-Q55) -> 41.780533 | R56: =R55+(2/27)*(E56-R55) -> 41.870276 | S56: =Q56-R56 -> -0.089743735 | T56: =T55+(2/10)*(S56-T55) -> 0.32181453 | U56: =S56-T56 -> -0.41155826 | V56: =IF(M56="","",IF(M56<Assumptions!$B$5,"BUY",IF(M56>Assumptions!$B$4,"SELL","HOLD"))) -> HOLD | W56: =IF(O56="","",IF(E56>O56,"BUY","SELL")) -> SELL | X56: =IF(T56="","",IF(S56>T56,"BUY","SELL")) -> SELL | Y56: =IF(OR(V56="",W56="",X56=""),"",IFERROR(IF(V56="BUY",1,IF(V56="SELL",-1,0))+IF(W56="BUY",1,IF(W56="SELL",-1,0))+IF(X56="BUY",1,IF(X56="SELL",-1,0)),0)) -> -2 | Z56: =IF(Y56="","",IF(Y56>=2,"STRONG BUY",IF(Y56=1,"BUY",IF(Y56=0,"HOLD",IF(Y56=-1,"SELL","STRONG SELL"))))) -> STRONG SELL
A57: 45847 | B57: 40.69 | C57: 41.01 | D57: 40.43 | E57: 40.72 | F57: 72183525 | G57: =E57-E56 -> 0.19 | H57: =G57/E56 -> 0.0046878855 | I57: =MAX(G57,0) -> 0.19 | J57: =MAX(-G57,0) -> 0 | K57: =(K56*13+I57)/14 -> 0.13001114 | L57: =(L56*13+J57)/14 -> 0.21775495 | M57: =IF(L57=0,100,100-100/(1+K57/MAX(L57,0.000001))) -> 37.384652 | N57: =AVERAGE(E38:E57) -> 42.323 | O57: =AVERAGE(E8:E57) -> 41.1422 | Q57: =Q56+(2/13)*(E57-Q56) -> 41.617374 | R57: =R56+(2/27)*(E57-R56) -> 41.785071 | S57: =Q57-R57 -> -0.16769695 | T57: =T56+(2/10)*(S57-T56) -> 0.22391223 | U57: =S57-T57 -> -0.39160919 | V57: =IF(M57="","",IF(M57<Assumptions!$B$5,"BUY",IF(M57>Assumptions!$B$4,"SELL","HOLD"))) -> HOLD | W57: =IF(O57="","",IF(E57>O57,"BUY","SELL")) -> SELL | X57: =IF(T57="","",IF(S57>T57,"BUY","SELL")) -> SELL | Y57: =IF(OR(V57="",W57="",X57=""),"",IFERROR(IF(V57="BUY",1,IF(V57="SELL",-1,0))+IF(W57="BUY",1,IF(W57="SELL",-1,0))+IF(X57="BUY",1,IF(X57="SELL",-1,0)),0)) -> -2 | Z57: =IF(Y57="","",IF(Y57>=2,"STRONG BUY",IF(Y57=1,"BUY",IF(Y57=0,"HOLD",IF(Y57=-1,"SELL","STRONG SELL"))))) -> STRONG SELL
A58: 45848 | B58: 40.58 | C58: 40.62 | D58: 40.58 | E58: 40.6 | F58: 62528897 | G58: =E58-E57 -> -0.12 | H58: =G58/E57 -> -0.0029469548 | I58: =MAX(G58,0) -> 0 | J58: =MAX(-G58,0) -> 0.12 | K58: =(K57*13+I58)/14 -> 0.12072463 | L58: =(L57*13+J58)/14 -> 0.21077245 | M58: =IF(L58=0,100,100-100/(1+K58/MAX(L58,0.000001))) -> 36.418007 | N58: =AVERAGE(E39:E58) -> 42.1775 | O58: =AVERAGE(E9:E58) -> 41.2222 | Q58: =Q57+(2/13)*(E58-Q57) -> 41.460855 | R58: =R57+(2/27)*(E58-R57) -> 41.697288 | S58: =Q58-R58 -> -0.23643299 | T58: =T57+(2/10)*(S58-T57) -> 0.13184319 | U58: =S58-T58 -> -0.36827617 | V58: =IF(M58="","",IF(M58<Assumptions!$B$5,"BUY",IF(M58>Assumptions!$B$4,"SELL","HOLD"))) -> HOLD | W58: =IF(O58="","",IF(E58>O58,"BUY","SELL")) -> SELL | X58: =IF(T58="","",IF(S58>T58,"BUY","SELL")) -> SELL | Y58: =IF(OR(V58="",W58="",X58=""),"",IFERROR(IF(V58="BUY",1,IF(V58="SELL",-1,0))+IF(W58="BUY",1,IF(W58="SELL",-1,0))+IF(X58="BUY",1,IF(X58="SELL",-1,0)),0)) -> -2 | Z58: =IF(Y58="","",IF(Y58>=2,"STRONG BUY",IF(Y58=1,"BUY",IF(Y58=0,"HOLD",IF(Y58=-1,"SELL","STRONG SELL"))))) -> STRONG SELL
A59: 45849 | B59: 40.94 | C59: 41.75 | D59: 40.83 | E59: 41.29 | F59: 49927369 | G59: =E59-E58 -> 0.69 | H59: =G59/E58 -> 0.016995074 | I59: =MAX(G59,0) -> 0.69 | J59: =MAX(-G59,0) -> 0 | K59: =(K58*13+I59)/14 -> 0.16138716 | L59: =(L58*13+J59)/14 -> 0.19571728 | M59: =IF(L59=0,100,100-100/(1+K59/MAX(L59,0.000001))) -> 45.193266 | N59: =AVERAGE(E40:E59) -> 42.067 | O59: =AVERAGE(E10:E59) -> 41.3176 | Q59: =Q58+(2/13)*(E59-Q58) -> 41.434569 | R59: =R58+(2/27)*(E59-R58) -> 41.667118 | S59: =Q59-R59 -> -0.23254887 | T59: =T58+(2/10)*(S59-T58) -> 0.058964776 | U59: =S59-T59 -> -0.29151365 | V59: =IF(M59="","",IF(M59<Assumptions!$B$5,"BUY",IF(M59>Assumptions!$B$4,"SELL","HOLD"))) -> HOLD | W59: =IF(O59="","",IF(E59>O59,"BUY","SELL")) -> SELL | X59: =IF(T59="","",IF(S59>T59,"BUY","SELL")) -> SELL | Y59: =IF(OR(V59="",W59="",X59=""),"",IFERROR(IF(V59="BUY",1,IF(V59="SELL",-1,0))+IF(W59="BUY",1,IF(W59="SELL",-1,0))+IF(X59="BUY",1,IF(X59="SELL",-1,0)),0)) -> -2 | Z59: =IF(Y59="","",IF(Y59>=2,"STRONG BUY",IF(Y59=1,"BUY",IF(Y59=0,"HOLD",IF(Y59=-1,"SELL","STRONG SELL"))))) -> STRONG SELL
A60: 45852 | B60: 41.72 | C60: 41.73 | D60: 41.63 | E60: 41.68 | F60: 34376299 | G60: =E60-E59 -> 0.39 | H60: =G60/E59 -> 0.0094453863 | I60: =MAX(G60,0) -> 0.39 | J60: =MAX(-G60,0) -> 0 | K60: =(K59*13+I60)/14 -> 0.17771665 | L60: =(L59*13+J60)/14 -> 0.18173747 | M60: =IF(L60=0,100,100-100/(1+K60/MAX(L60,0.000001))) -> 49.440704 | N60: =AVERAGE(E41:E60) -> 42.01 | O60: =AVERAGE(E11:E60) -> 41.422 | Q60: =Q59+(2/13)*(E60-Q59) -> 41.472328 | R60: =R59+(2/27)*(E60-R59) -> 41.668073 | S60: =Q60-R60 -> -0.19574453 | T60: =T59+(2/10)*(S60-T59) -> 0.0080229158 | U60: =S60-T60 -> -0.20376744 | V60: =IF(M60="","",IF(M60<Assumptions!$B$5,"BUY",IF(M60>Assumptions!$B$4,"SELL","HOLD"))) -> HOLD | W60: =IF(O60="","",IF(E60>O60,"BUY","SELL")) -> BUY | X60: =IF(T60="","",IF(S60>T60,"BUY","SELL")) -> SELL | Y60: =IF(OR(V60="",W60="",X60=""),"",IFERROR(IF(V60="BUY",1,IF(V60="SELL",-1,0))+IF(W60="BUY",1,IF(W60="SELL",-1,0))+IF(X60="BUY",1,IF(X60="SELL",-1,0)),0)) -> 0 | Z60: =IF(Y60="","",IF(Y60>=2,"STRONG BUY",IF(Y60=1,"BUY",IF(Y60=0,"HOLD",IF(Y60=-1,"SELL","STRONG SELL"))))) -> HOLD
A61: 45853 | B61: 42.08 | C61: 42.16 | D61: 42.08 | E61: 42.12 | F61: 53842340 | G61: =E61-E60 -> 0.44 | H61: =G61/E60 -> 0.010556622 | I61: =MAX(G61,0) -> 0.44 | J61: =MAX(-G61,0) -> 0 | K61: =(K60*13+I61)/14 -> 0.19645117 | L61: =(L60*13+J61)/14 -> 0.16875622 | M61: =IF(L61=0,100,100-100/(1+K61/MAX(L61,0.000001))) -> 53.791674 | N61: =AVERAGE(E42:E61) -> 41.9685 | O61: =AVERAGE(E12:E61) -> 41.5334 | Q61: =Q60+(2/13)*(E61-Q60) -> 41.57197 | R61: =R60+(2/27)*(E61-R60) -> 41.701549 | S61: =Q61-R61 -> -0.12957879 | T61: =T60+(2/10)*(S61-T60) -> -0.019497425 | U61: =S61-T61 -> -0.11008136 | V61: =IF(M61="","",IF(M61<Assumptions!$B$5,"BUY",IF(M61>Assumptions!$B$4,"SELL","HOLD"))) -> HOLD | W61: =IF(O61="","",IF(E61>O61,"BUY","SELL")) -> BUY | X61: =IF(T61="","",IF(S61>T61,"BUY","SELL")) -> SELL | Y61: =IF(OR(V61="",W61="",X61=""),"",IFERROR(IF(V61="BUY",1,IF(V61="SELL",-1,0))+IF(W61="BUY",1,IF(W61="SELL",-1,0))+IF(X61="BUY",1,IF(X61="SELL",-1,0)),0)) -> 0 | Z61: =IF(Y61="","",IF(Y61>=2,"STRONG BUY",IF(Y61=1,"BUY",IF(Y61=0,"HOLD",IF(Y61=-1,"SELL","STRONG SELL"))))) -> HOLD
A62: 45854 | B62: 42.28 | C62: 42.72 | D62: 41.9 | E62: 42.31 | F62: 54577637 | G62: =E62-E61 -> 0.19 | H62: =G62/E61 -> 0.0045109212 | I62: =MAX(G62,0) -> 0.19 | J62: =MAX(-G62,0) -> 0 | K62: =(K61*13+I62)/14 -> 0.19599037 | L62: =(L61*13+J62)/14 -> 0.15670221 | M62: =IF(L62=0,100,100-100/(1+K62/MAX(L62,0.000001))) -> 55.569747 | N62: =AVERAGE(E43:E62) -> 41.9715 | O62: =AVERAGE(E13:E62) -> 41.656 | Q62: =Q61+(2/13)*(E62-Q61) -> 41.685513 | R62: =R61+(2/27)*(E62-R61) -> 41.746619 | S62: =Q62-R62 -> -0.06110616 | T62: =T61+(2/10)*(S62-T61) -> -0.027819172 | U62: =S62-T62 -> -0.033286988 | V62: =IF(M62="","",IF(M62<Assumptions!$B$5,"BUY",IF(M62>Assumptions!$B$4,"SELL","HOLD"))) -> HOLD | W62: =IF(O62="","",IF(E62>O62,"BUY","SELL")) -> BUY | X62: =IF(T62="","",IF(S62>T62,"BUY","SELL")) -> SELL | Y62: =IF(OR(V62="",W62="",X62=""),"",IFERROR(IF(V62="BUY",1,IF(V62="SELL",-1,0))+IF(W62="BUY",1,IF(W62="SELL",-1,0))+IF(X62="BUY",1,IF(X62="SELL",-1,0)),0)) -> 0 | Z62: =IF(Y62="","",IF(Y62>=2,"STRONG BUY",IF(Y62=1,"BUY",IF(Y62=0,"HOLD",IF(Y62=-1,"SELL","STRONG SELL"))))) -> HOLD
A63: 45855 | B63: 41.73 | C63: 42.26 | D63: 41.38 | E63: 41.82 | F63: 63792559 | G63: =E63-E62 -> -0.49 | H63: =G63/E62 -> -0.011581186 | I63: =MAX(G63,0) -> 0 | J63: =MAX(-G63,0) -> 0.49 | K63: =(K62*13+I63)/14 -> 0.18199106 | L63: =(L62*13+J63)/14 -> 0.18050919 | M63: =IF(L63=0,100,100-100/(1+K63/MAX(L63,0.000001))) -> 50.204396 | N63: =AVERAGE(E44:E63) -> 41.9225 | O63: =AVERAGE(E14:E63) -> 41.7594 | Q63: =Q62+(2/13)*(E63-Q62) -> 41.706203 | R63: =R62+(2/27)*(E63-R62) -> 41.752055 | S63: =Q63-R63 -> -0.045851465 | T63: =T62+(2/10)*(S63-T62) -> -0.031425631 | U63: =S63-T63 -> -0.014425835 | V63: =IF(M63="","",IF(M63<Assumptions!$B$5,"BUY",IF(M63>Assumptions!$B$4,"SELL","HOLD"))) -> HOLD | W63: =IF(O63="","",IF(E63>O63,"BUY","SELL")) -> BUY | X63: =IF(T63="","",IF(S63>T63,"BUY","SELL")) -> SELL | Y63: =IF(OR(V63="",W63="",X63=""),"",IFERROR(IF(V63="BUY",1,IF(V63="SELL",-1,0))+IF(W63="BUY",1,IF(W63="SELL",-1,0))+IF(X63="BUY",1,IF(X63="SELL",-1,0)),0)) -> 0 | Z63: =IF(Y63="","",IF(Y63>=2,"STRONG BUY",IF(Y63=1,"BUY",IF(Y63=0,"HOLD",IF(Y63=-1,"SELL","STRONG SELL"))))) -> HOLD
... A201: 46049 | B201: 30.72 | C201: 30.72 | D201: 30.48 | E201: 30.6 | F201: 55742808 | G201: =E201-E200 -> -0.29 | H201: =G201/E200 -> -0.0093881515 | I201: =MAX(G201,0) -> 0 | J201: =MAX(-G201,0) -> 0.29 | K201: =(K200*13+I201)/14 -> 0.11252651 | L201: =(L200*13+J201)/14 -> 0.21958655 | M201: =IF(L201=0,100,100-100/(1+K201/MAX(L201,0.000001))) -> 33.88199 | N201: =AVERAGE(E182:E201) -> 32.2795 | O201: =AVERAGE(E152:E201) -> 31.939 | Q201: =Q200+(2/13)*(E201-Q200) -> 31.61143 | R201: =R200+(2/27)*(E201-R200) -> 31.979154 | S201: =Q201-R201 -> -0.36772391 | T201: =T200+(2/10)*(S201-T200) -> -0.15411742 | U201: =S201-T201 -> -0.21360648 | V201: =IF(M201="","",IF(M201<Assumptions!$B$5,"BUY",IF(M201>Assumptions!$B$4,"SELL","HOLD"))) -> HOLD | W201: =IF(O201="","",IF(E201>O201,"BUY","SELL")) -> SELL | X201: =IF(T201="","",IF(S201>T201,"BUY","SELL")) -> SELL | Y201: =IF(OR(V201="",W201="",X201=""),"",IFERROR(IF(V201="BUY",1,IF(V201="SELL",-1,0))+IF(W201="BUY",1,IF(W201="SELL",-1,0))+IF(X201="BUY",1,IF(X201="SELL",-1,0)),0)) -> -2 | Z201: =IF(Y201="","",IF(Y201>=2,"STRONG BUY",IF(Y201=1,"BUY",IF(Y201=0,"HOLD",IF(Y201=-1,"SELL","STRONG SELL"))))) -> STRONG SELL
A202: 46050 | B202: 30.83 | C202: 31.06 | D202: 30.6 | E202: 30.83 | F202: 39139612 | G202: =E202-E201 -> 0.23 | H202: =G202/E201 -> 0.0075163399 | I202: =MAX(G202,0) -> 0.23 | J202: =MAX(-G202,0) -> 0 | K202: =(K201*13+I202)/14 -> 0.12091748 | L202: =(L201*13+J202)/14 -> 0.20390179 | M202: =IF(L202=0,100,100-100/(1+K202/MAX(L202,0.000001))) -> 37.226079 | N202: =AVERAGE(E183:E202) -> 32.1545 | O202: =AVERAGE(E153:E202) -> 31.9156 | P202: =AVERAGE(E3:E202) -> 36.3163 | Q202: =Q201+(2/13)*(E202-Q201) -> 31.49121 | R202: =R201+(2/27)*(E202-R201) -> 31.894032 | S202: =Q202-R202 -> -0.40282142 | T202: =T201+(2/10)*(S202-T201) -> -0.20385822 | U202: =S202-T202 -> -0.1989632 | V202: =IF(M202="","",IF(M202<Assumptions!$B$5,"BUY",IF(M202>Assumptions!$B$4,"SELL","HOLD"))) -> HOLD | W202: =IF(O202="","",IF(E202>O202,"BUY","SELL")) -> SELL | X202: =IF(T202="","",IF(S202>T202,"BUY","SELL")) -> SELL | Y202: =IF(OR(V202="",W202="",X202=""),"",IFERROR(IF(V202="BUY",1,IF(V202="SELL",-1,0))+IF(W202="BUY",1,IF(W202="SELL",-1,0))+IF(X202="BUY",1,IF(X202="SELL",-1,0)),0)) -> -2 | Z202: =IF(Y202="","",IF(Y202>=2,"STRONG BUY",IF(Y202=1,"BUY",IF(Y202=0,"HOLD",IF(Y202=-1,"SELL","STRONG SELL"))))) -> STRONG SELL
A203: 46051 | B203: 30.43 | C203: 30.87 | D203: 30.39 | E203: 30.63 | F203: 59795329 | G203: =E203-E202 -> -0.2 | H203: =G203/E202 -> -0.0064871878 | I203: =MAX(G203,0) -> 0 | J203: =MAX(-G203,0) -> 0.2 | K203: =(K202*13+I203)/14 -> 0.11228051 | L203: =(L202*13+J203)/14 -> 0.20362309 | M203: =IF(L203=0,100,100-100/(1+K203/MAX(L203,0.000001))) -> 35.54265 | N203: =AVERAGE(E184:E203) -> 31.978 | O203: =AVERAGE(E154:E203) -> 31.8948 | P203: =AVERAGE(E4:E203) -> 36.28195 | Q203: =Q202+(2/13)*(E203-Q202) -> 31.358716 | R203: =R202+(2/27)*(E203-R202) -> 31.8004 | S203: =Q203-R203 -> -0.44168333 | T203: =T202+(2/10)*(S203-T202) -> -0.25142324 | U203: =S203-T203 -> -0.19026008 | V203: =IF(M203="","",IF(M203<Assumptions!$B$5,"BUY",IF(M203>Assumptions!$B$4,"SELL","HOLD"))) -> HOLD | W203: =IF(O203="","",IF(E203>O203,"BUY","SELL")) -> SELL | X203: =IF(T203="","",IF(S203>T203,"BUY","SELL")) -> SELL | Y203: =IF(OR(V203="",W203="",X203=""),"",IFERROR(IF(V203="BUY",1,IF(V203="SELL",-1,0))+IF(W203="BUY",1,IF(W203="SELL",-1,0))+IF(X203="BUY",1,IF(X203="SELL",-1,0)),0)) -> -2 | Z203: =IF(Y203="","",IF(Y203>=2,"STRONG BUY",IF(Y203=1,"BUY",IF(Y203=0,"HOLD",IF(Y203=-1,"SELL","STRONG SELL"))))) -> STRONG SELL
A204: 46052 | B204: 31.12 | C204: 31.16 | D204: 30.76 | E204: 30.96 | F204: 63495337 | G204: =E204-E203 -> 0.33 | H204: =G204/E203 -> 0.010773751 | I204: =MAX(G204,0) -> 0.33 | J204: =MAX(-G204,0) -> 0 | K204: =(K203*13+I204)/14 -> 0.12783191 | L204: =(L203*13+J204)/14 -> 0.18907859 | M204: =IF(L204=0,100,100-100/(1+K204/MAX(L204,0.000001))) -> 40.336912 | N204: =AVERAGE(E185:E204) -> 31.8405 | O204: =AVERAGE(E155:E204) -> 31.878 | P204: =AVERAGE(E5:E204) -> 36.248 | Q204: =Q203+(2/13)*(E204-Q203) -> 31.297375 | R204: =R203+(2/27)*(E204-R203) -> 31.738148 | S204: =Q204-R204 -> -0.44077248 | T204: =T203+(2/10)*(S204-T203) -> -0.28929309 | U204: =S204-T204 -> -0.15147939 | V204: =IF(M204="","",IF(M204<Assumptions!$B$5,"BUY",IF(M204>Assumptions!$B$4,"SELL","HOLD"))) -> HOLD | W204: =IF(O204="","",IF(E204>O204,"BUY","SELL")) -> SELL | X204: =IF(T204="","",IF(S204>T204,"BUY","SELL")) -> SELL | Y204: =IF(OR(V204="",W204="",X204=""),"",IFERROR(IF(V204="BUY",1,IF(V204="SELL",-1,0))+IF(W204="BUY",1,IF(W204="SELL",-1,0))+IF(X204="BUY",1,IF(X204="SELL",-1,0)),0)) -> -2 | Z204: =IF(Y204="","",IF(Y204>=2,"STRONG BUY",IF(Y204=1,"BUY",IF(Y204=0,"HOLD",IF(Y204=-1,"SELL","STRONG SELL"))))) -> STRONG SELL
A205: 46055 | B205: 31.26 | C205: 31.26 | D205: 31.18 | E205: 31.22 | F205: 44104598 | G205: =E205-E204 -> 0.26 | H205: =G205/E204 -> 0.0083979328 | I205: =MAX(G205,0) -> 0.26 | J205: =MAX(-G205,0) -> 0 | K205: =(K204*13+I205)/14 -> 0.13727248 | L205: =(L204*13+J205)/14 -> 0.17557297 | M205: =IF(L205=0,100,100-100/(1+K205/MAX(L205,0.000001))) -> 43.878689 | N205: =AVERAGE(E186:E205) -> 31.743 | O205: =AVERAGE(E156:E205) -> 31.8662 | P205: =AVERAGE(E6:E205) -> 36.21365 | Q205: =Q204+(2/13)*(E205-Q204) -> 31.285471 | R205: =R204+(2/27)*(E205-R204) -> 31.699767 | S205: =Q205-R205 -> -0.41429506 | T205: =T204+(2/10)*(S205-T204) -> -0.31429348 | U205: =S205-T205 -> -0.10000158 | V205: =IF(M205="","",IF(M205<Assumptions!$B$5,"BUY",IF(M205>Assumptions!$B$4,"SELL","HOLD"))) -> HOLD | W205: =IF(O205="","",IF(E205>O205,"BUY","SELL")) -> SELL | X205: =IF(T205="","",IF(S205>T205,"BUY","SELL")) -> SELL | Y205: =IF(OR(V205="",W205="",X205=""),"",IFERROR(IF(V205="BUY",1,IF(V205="SELL",-1,0))+IF(W205="BUY",1,IF(W205="SELL",-1,0))+IF(X205="BUY",1,IF(X205="SELL",-1,0)),0)) -> -2 | Z205: =IF(Y205="","",IF(Y205>=2,"STRONG BUY",IF(Y205=1,"BUY",IF(Y205=0,"HOLD",IF(Y205=-1,"SELL","STRONG SELL"))))) -> STRONG SELL
A206: 46056 | B206: 31.67 | C206: 31.81 | D206: 31.55 | E206: 31.68 | F206: 62796070 | G206: =E206-E205 -> 0.46 | H206: =G206/E205 -> 0.014734145 | I206: =MAX(G206,0) -> 0.46 | J206: =MAX(-G206,0) -> 0 | K206: =(K205*13+I206)/14 -> 0.16032445 | L206: =(L205*13+J206)/14 -> 0.16303205 | M206: =IF(L206=0,100,100-100/(1+K206/MAX(L206,0.000001))) -> 49.581329 | N206: =AVERAGE(E187:E206) -> 31.682 | O206: =AVERAGE(E157:E206) -> 31.8678 | P206: =AVERAGE(E7:E206) -> 36.18395 | Q206: =Q205+(2/13)*(E206-Q205) -> 31.346168 | R206: =R205+(2/27)*(E206-R205) -> 31.698302 | S206: =Q206-R206 -> -0.35213418 | T206: =T205+(2/10)*(S206-T205) -> -0.32186162 | U206: =S206-T206 -> -0.030272554 | V206: =IF(M206="","",IF(M206<Assumptions!$B$5,"BUY",IF(M206>Assumptions!$B$4,"SELL","HOLD"))) -> HOLD | W206: =IF(O206="","",IF(E206>O206,"BUY","SELL")) -> SELL | X206: =IF(T206="","",IF(S206>T206,"BUY","SELL")) -> SELL | Y206: =IF(OR(V206="",W206="",X206=""),"",IFERROR(IF(V206="BUY",1,IF(V206="SELL",-1,0))+IF(W206="BUY",1,IF(W206="SELL",-1,0))+IF(X206="BUY",1,IF(X206="SELL",-1,0)),0)) -> -2 | Z206: =IF(Y206="","",IF(Y206>=2,"STRONG BUY",IF(Y206=1,"BUY",IF(Y206=0,"HOLD",IF(Y206=-1,"SELL","STRONG SELL"))))) -> STRONG SELL
A207: 46057 | B207: 32.08 | C207: 32.1 | D207: 32.08 | E207: 32.09 | F207: 41010990 | G207: =E207-E206 -> 0.41 | H207: =G207/E206 -> 0.012941919 | I207: =MAX(G207,0) -> 0.41 | J207: =MAX(-G207,0) -> 0 | K207: =(K206*13+I207)/14 -> 0.17815842 | L207: =(L206*13+J207)/14 -> 0.1513869 | M207: =IF(L207=0,100,100-100/(1+K207/MAX(L207,0.000001))) -> 54.061887 | N207: =AVERAGE(E188:E207) -> 31.6475 | O207: =AVERAGE(E158:E207) -> 31.884 | P207: =AVERAGE(E8:E207) -> 36.15825 | Q207: =Q206+(2/13)*(E207-Q206) -> 31.460604 | R207: =R206+(2/27)*(E207-R206) -> 31.727317 | S207: =Q207-R207 -> -0.26671315 | T207: =T206+(2/10)*(S207-T206) -> -0.31083193 | U207: =S207-T207 -> 0.044118777 | V207: =IF(M207="","",IF(M207<Assumptions!$B$5,"BUY",IF(M207>Assumptions!$B$4,"SELL","HOLD"))) -> HOLD | W207: =IF(O207="","",IF(E207>O207,"BUY","SELL")) -> BUY | X207: =IF(T207="","",IF(S207>T207,"BUY","SELL")) -> BUY | Y207: =IF(OR(V207="",W207="",X207=""),"",IFERROR(IF(V207="BUY",1,IF(V207="SELL",-1,0))+IF(W207="BUY",1,IF(W207="SELL",-1,0))+IF(X207="BUY",1,IF(X207="SELL",-1,0)),0)) -> 2 | Z207: =IF(Y207="","",IF(Y207>=2,"STRONG BUY",IF(Y207=1,"BUY",IF(Y207=0,"HOLD",IF(Y207=-1,"SELL","STRONG SELL"))))) -> STRONG BUY
A208: 46058 | B208: 32.64 | C208: 32.75 | D208: 32.15 | E208: 32.45 | F208: 51829609 | G208: =E208-E207 -> 0.36 | H208: =G208/E207 -> 0.011218448 | I208: =MAX(G208,0) -> 0.36 | J208: =MAX(-G208,0) -> 0 | K208: =(K207*13+I208)/14 -> 0.1911471 | L208: =(L207*13+J208)/14 -> 0.14057355 | M208: =IF(L208=0,100,100-100/(1+K208/MAX(L208,0.000001))) -> 57.622913 | N208: =AVERAGE(E189:E208) -> 31.654 | O208: =AVERAGE(E159:E208) -> 31.9042 | P208: =AVERAGE(E9:E208) -> 36.1375 | Q208: =Q207+(2/13)*(E208-Q207) -> 31.612819 | R208: =R207+(2/27)*(E208-R207) -> 31.780849 | S208: =Q208-R208 -> -0.16803043 | T208: =T207+(2/10)*(S208-T207) -> -0.28227163 | U208: =S208-T208 -> 0.1142412 | V208: =IF(M208="","",IF(M208<Assumptions!$B$5,"BUY",IF(M208>Assumptions!$B$4,"SELL","HOLD"))) -> HOLD | W208: =IF(O208="","",IF(E208>O208,"BUY","SELL")) -> BUY | X208: =IF(T208="","",IF(S208>T208,"BUY","SELL")) -> BUY | Y208: =IF(OR(V208="",W208="",X208=""),"",IFERROR(IF(V208="BUY",1,IF(V208="SELL",-1,0))+IF(W208="BUY",1,IF(W208="SELL",-1,0))+IF(X208="BUY",1,IF(X208="SELL",-1,0)),0)) -> 2 | Z208: =IF(Y208="","",IF(Y208>=2,"STRONG BUY",IF(Y208=1,"BUY",IF(Y208=0,"HOLD",IF(Y208=-1,"SELL","STRONG SELL"))))) -> STRONG BUY
A209: 46059 | B209: 32.78 | C209: 32.82 | D209: 32.78 | E209: 32.8 | F209: 61034815 | G209: =E209-E208 -> 0.35 | H209: =G209/E208 -> 0.010785824 | I209: =MAX(G209,0) -> 0.35 | J209: =MAX(-G209,0) -> 0 | K209: =(K208*13+I209)/14 -> 0.20249374 | L209: =(L208*13+J209)/14 -> 0.13053258 | M209: =IF(L209=0,100,100-100/(1+K209/MAX(L209,0.000001))) -> 60.804124 | N209: =AVERAGE(E190:E209) -> 31.6745 | O209: =AVERAGE(E160:E209) -> 31.9358 | P209: =AVERAGE(E10:E209) -> 36.1189 | Q209: =Q208+(2/13)*(E209-Q208) -> 31.795462 | R209: =R208+(2/27)*(E209-R208) -> 31.856342 | S209: =Q209-R209 -> -0.060879806 | T209: =T208+(2/10)*(S209-T208) -> -0.23799326 | U209: =S209-T209 -> 0.17711346 | V209: =IF(M209="","",IF(M209<Assumptions!$B$5,"BUY",IF(M209>Assumptions!$B$4,"SELL","HOLD"))) -> HOLD | W209: =IF(O209="","",IF(E209>O209,"BUY","SELL")) -> BUY | X209: =IF(T209="","",IF(S209>T209,"BUY","SELL")) -> BUY | Y209: =IF(OR(V209="",W209="",X209=""),"",IFERROR(IF(V209="BUY",1,IF(V209="SELL",-1,0))+IF(W209="BUY",1,IF(W209="SELL",-1,0))+IF(X209="BUY",1,IF(X209="SELL",-1,0)),0)) -> 2 | Z209: =IF(Y209="","",IF(Y209>=2,"STRONG BUY",IF(Y209=1,"BUY",IF(Y209=0,"HOLD",IF(Y209=-1,"SELL","STRONG SELL"))))) -> STRONG BUY
A210: 46062 | B210: 32.46 | C210: 32.68 | D210: 32.46 | E210: 32.57 | F210: 61578877 | G210: =E210-E209 -> -0.23 | H210: =G210/E209 -> -0.0070121951 | I210: =MAX(G210,0) -> 0 | J210: =MAX(-G210,0) -> 0.23 | K210: =(K209*13+I210)/14 -> 0.1880299 | L210: =(L209*13+J210)/14 -> 0.1376374 | M210: =IF(L210=0,100,100-100/(1+K210/MAX(L210,0.000001))) -> 57.736807 | N210: =AVERAGE(E191:E210) -> 31.6805 | O210: =AVERAGE(E161:E210) -> 31.9718 | P210: =AVERAGE(E11:E210) -> 36.09945 | Q210: =Q209+(2/13)*(E210-Q209) -> 31.914622 | R210: =R209+(2/27)*(E210-R209) -> 31.909205 | S210: =Q210-R210 -> 0.0054163223 | T210: =T209+(2/10)*(S210-T209) -> -0.18931135 | U210: =S210-T210 -> 0.19472767 | V210: =IF(M210="","",IF(M210<Assumptions!$B$5,"BUY",IF(M210>Assumptions!$B$4,"SELL","HOLD"))) -> HOLD | W210: =IF(O210="","",IF(E210>O210,"BUY","SELL")) -> BUY | X210: =IF(T210="","",IF(S210>T210,"BUY","SELL")) -> BUY | Y210: =IF(OR(V210="",W210="",X210=""),"",IFERROR(IF(V210="BUY",1,IF(V210="SELL",-1,0))+IF(W210="BUY",1,IF(W210="SELL",-1,0))+IF(X210="BUY",1,IF(X210="SELL",-1,0)),0)) -> 2 | Z210: =IF(Y210="","",IF(Y210>=2,"STRONG BUY",IF(Y210=1,"BUY",IF(Y210=0,"HOLD",IF(Y210=-1,"SELL","STRONG SELL"))))) -> STRONG BUY
A211: 46063 | B211: 32.33 | C211: 32.69 | D211: 32.21 | E211: 32.45 | F211: 46730276 | G211: =E211-E210 -> -0.12 | H211: =G211/E210 -> -0.0036843721 | I211: =MAX(G211,0) -> 0 | J211: =MAX(-G211,0) -> 0.12 | K211: =(K210*13+I211)/14 -> 0.17459919 | L211: =(L210*13+J211)/14 -> 0.13637758 | M211: =IF(L211=0,100,100-100/(1+K211/MAX(L211,0.000001))) -> 56.145412 | N211: =AVERAGE(E192:E211) -> 31.6985 | O211: =AVERAGE(E162:E211) -> 32.0066 | P211: =AVERAGE(E12:E211) -> 36.07895 | Q211: =Q210+(2/13)*(E211-Q210) -> 31.996988 | R211: =R210+(2/27)*(E211-R210) -> 31.949264 | S211: =Q211-R211 -> 0.04772336 | T211: =T210+(2/10)*(S211-T210) -> -0.14190441 | U211: =S211-T211 -> 0.18962777 | V211: =IF(M211="","",IF(M211<Assumptions!$B$5,"BUY",IF(M211>Assumptions!$B$4,"SELL","HOLD"))) -> HOLD | W211: =IF(O211="","",IF(E211>O211,"BUY","SELL")) -> BUY | X211: =IF(T211="","",IF(S211>T211,"BUY","SELL")) -> BUY | Y211: =IF(OR(V211="",W211="",X211=""),"",IFERROR(IF(V211="BUY",1,IF(V211="SELL",-1,0))+IF(W211="BUY",1,IF(W211="SELL",-1,0))+IF(X211="BUY",1,IF(X211="SELL",-1,0)),0)) -> 2 | Z211: =IF(Y211="","",IF(Y211>=2,"STRONG BUY",IF(Y211=1,"BUY",IF(Y211=0,"HOLD",IF(Y211=-1,"SELL","STRONG SELL"))))) -> STRONG BUY
A212: 46064 | B212: 31.72 | C212: 31.72 | D212: 31.54 | E212: 31.63 | F212: 42640635 | G212: =E212-E211 -> -0.82 | H212: =G212/E211 -> -0.025269646 | I212: =MAX(G212,0) -> 0 | J212: =MAX(-G212,0) -> 0.82 | K212: =(K211*13+I212)/14 -> 0.16212782 | L212: =(L211*13+J212)/14 -> 0.18520776 | M212: =IF(L212=0,100,100-100/(1+K212/MAX(L212,0.000001))) -> 46.677574 | N212: =AVERAGE(E193:E212) -> 31.639 | O212: =AVERAGE(E163:E212) -> 32.0272 | P212: =AVERAGE(E13:E212) -> 36.0562 | Q212: =Q211+(2/13)*(E212-Q211) -> 31.940528 | R212: =R211+(2/27)*(E212-R211) -> 31.925615 | S212: =Q212-R212 -> 0.014912937 | T212: =T211+(2/10)*(S212-T211) -> -0.11054094 | U212: =S212-T212 -> 0.12545387 | V212: =IF(M212="","",IF(M212<Assumptions!$B$5,"BUY",IF(M212>Assumptions!$B$4,"SELL","HOLD"))) -> HOLD | W212: =IF(O212="","",IF(E212>O212,"BUY","SELL")) -> SELL | X212: =IF(T212="","",IF(S212>T212,"BUY","SELL")) -> BUY | Y212: =IF(OR(V212="",W212="",X212=""),"",IFERROR(IF(V212="BUY",1,IF(V212="SELL",-1,0))+IF(W212="BUY",1,IF(W212="SELL",-1,0))+IF(X212="BUY",1,IF(X212="SELL",-1,0)),0)) -> 0 | Z212: =IF(Y212="","",IF(Y212>=2,"STRONG BUY",IF(Y212=1,"BUY",IF(Y212=0,"HOLD",IF(Y212=-1,"SELL","STRONG SELL"))))) -> HOLD
A213: 46065 | B213: 31.7 | C213: 31.86 | D213: 31.66 | E213: 31.76 | F213: 56741570 | G213: =E213-E212 -> 0.13 | H213: =G213/E212 -> 0.0041100221 | I213: =MAX(G213,0) -> 0.13 | J213: =MAX(-G213,0) -> 0 | K213: =(K212*13+I213)/14 -> 0.15983298 | L213: =(L212*13+J213)/14 -> 0.17197863 | M213: =IF(L213=0,100,100-100/(1+K213/MAX(L213,0.000001))) -> 48.169797 | N213: =AVERAGE(E194:E213) -> 31.6175 | O213: =AVERAGE(E164:E213) -> 32.0594 | P213: =AVERAGE(E14:E213) -> 36.03175 | Q213: =Q212+(2/13)*(E213-Q212) -> 31.912754 | R213: =R212+(2/27)*(E213-R212) -> 31.913347 | S213: =Q213-R213 -> -0.00059281134 | T213: =T212+(2/10)*(S213-T212) -> -0.088551312 | U213: =S213-T213 -> 0.0879585 | V213: =IF(M213="","",IF(M213<Assumptions!$B$5,"BUY",IF(M213>Assumptions!$B$4,"SELL","HOLD"))) -> HOLD | W213: =IF(O213="","",IF(E213>O213,"BUY","SELL")) -> SELL | X213: =IF(T213="","",IF(S213>T213,"BUY","SELL")) -> BUY | Y213: =IF(OR(V213="",W213="",X213=""),"",IFERROR(IF(V213="BUY",1,IF(V213="SELL",-1,0))+IF(W213="BUY",1,IF(W213="SELL",-1,0))+IF(X213="BUY",1,IF(X213="SELL",-1,0)),0)) -> 0 | Z213: =IF(Y213="","",IF(Y213>=2,"STRONG BUY",IF(Y213=1,"BUY",IF(Y213=0,"HOLD",IF(Y213=-1,"SELL","STRONG SELL"))))) -> HOLD
... A254: 46122 | B254: 28.63 | C254: 28.63 | D254: 28.61 | E254: 28.62 | F254: 40631954 | G254: =E254-E253 -> -0.54 | H254: =G254/E253 -> -0.018518519 | I254: =MAX(G254,0) -> 0 | J254: =MAX(-G254,0) -> 0.54 | K254: =(K253*13+I254)/14 -> 0.16138563 | L254: =(L253*13+J254)/14 -> 0.20218955 | M254: =IF(L254=0,100,100-100/(1+K254/MAX(L254,0.000001))) -> 44.388517 | N254: =AVERAGE(E235:E254) -> 28.967 | O254: =AVERAGE(E205:E254) -> 29.6456 | P254: =AVERAGE(E55:E254) -> 33.4211 | Q254: =Q253+(2/13)*(E254-Q253) -> 29.118635 | R254: =R253+(2/27)*(E254-R253) -> 29.138266 | S254: =Q254-R254 -> -0.019631019 | T254: =T253+(2/10)*(S254-T253) -> -0.018729876 | U254: =S254-T254 -> -0.00090114307 | V254: =IF(M254="","",IF(M254<Assumptions!$B$5,"BUY",IF(M254>Assumptions!$B$4,"SELL","HOLD"))) -> HOLD | W254: =IF(O254="","",IF(E254>O254,"BUY","SELL")) -> SELL | X254: =IF(T254="","",IF(S254>T254,"BUY","SELL")) -> SELL | Y254: =IF(OR(V254="",W254="",X254=""),"",IFERROR(IF(V254="BUY",1,IF(V254="SELL",-1,0))+IF(W254="BUY",1,IF(W254="SELL",-1,0))+IF(X254="BUY",1,IF(X254="SELL",-1,0)),0)) -> -2 | Z254: =IF(Y254="","",IF(Y254>=2,"STRONG BUY",IF(Y254=1,"BUY",IF(Y254=0,"HOLD",IF(Y254=-1,"SELL","STRONG SELL"))))) -> STRONG SELL

Sheet KBANK
A1: Thai SET Trading Model | KBANK | Rule-Based Buy/Sell Signals
A2: Date | B2: Open | C2: High | D2: Low | E2: Close (THB) | F2: Volume | G2: Change | H2: % Change | I2: Gain | J2: Loss | K2: Avg Gain 14 | L2: Avg Loss 14 | M2: RSI (14) | N2: SMA 20 | O2: SMA 50 | P2: SMA 200 | Q2: EMA 12 | R2: EMA 26 | S2: MACD Line | T2: Signal Line | U2: Histogram | V2: RSI Signal | W2: MA Signal | X2: MACD Signal | Y2: Score | Z2: OVERALL
A3: 45771 | B3: 148.47 | C3: 148.7 | D3: 147.3 | E3: 148 | F3: 4373172
A4: 45772 | B4: 148.34 | C4: 148.87 | D4: 147.91 | E4: 148.39 | F4: 7623155 | G4: =E4-E3 -> 0.39 | H4: =G4/E3 -> 0.0026351351 | I4: =MAX(G4,0) -> 0.39 | J4: =MAX(-G4,0) -> 0
A5: 45775 | B5: 146.93 | C5: 148.7 | D5: 144.84 | E5: 146.77 | F5: 15475143 | G5: =E5-E4 -> -1.62 | H5: =G5/E4 -> -0.010917178 | I5: =MAX(G5,0) -> 0 | J5: =MAX(-G5,0) -> 1.62
A6: 45776 | B6: 145.51 | C6: 148.1 | D6: 143.6 | E6: 145.85 | F6: 10333481 | G6: =E6-E5 -> -0.92 | H6: =G6/E5 -> -0.006268311 | I6: =MAX(G6,0) -> 0 | J6: =MAX(-G6,0) -> 0.92
A7: 45777 | B7: 145.65 | C7: 147.72 | D7: 145.1 | E7: 146.41 | F7: 12310655 | G7: =E7-E6 -> 0.56 | H7: =G7/E6 -> 0.0038395612 | I7: =MAX(G7,0) -> 0.56 | J7: =MAX(-G7,0) -> 0
A8: 45778 | B8: 144.21 | C8: 144.21 | D8: 144.13 | E8: 144.17 | F8: 13702641 | G8: =E8-E7 -> -2.24 | H8: =G8/E7 -> -0.015299501 | I8: =MAX(G8,0) -> 0 | J8: =MAX(-G8,0) -> 2.24
A9: 45779 | B9: 146.97 | C9: 147.2 | D9: 145.6 | E9: 146.4 | F9: 15549627 | G9: =E9-E8 -> 2.23 | H9: =G9/E8 -> 0.01546785 | I9: =MAX(G9,0) -> 2.23 | J9: =MAX(-G9,0) -> 0
A10: 45782 | B10: 142.42 | C10: 143.71 | D10: 141.91 | E10: 142.81 | F10: 9791608 | G10: =E10-E9 -> -3.59 | H10: =G10/E9 -> -0.024521858 | I10: =MAX(G10,0) -> 0 | J10: =MAX(-G10,0) -> 3.59
A11: 45783 | B11: 144.03 | C11: 144.41 | D11: 142.43 | E11: 143.42 | F11: 10639860 | G11: =E11-E10 -> 0.61 | H11: =G11/E10 -> 0.0042714096 | I11: =MAX(G11,0) -> 0.61 | J11: =MAX(-G11,0) -> 0
A12: 45784 | B12: 142.28 | C12: 142.76 | D12: 142.28 | E12: 142.52 | F12: 10342936 | G12: =E12-E11 -> -0.9 | H12: =G12/E11 -> -0.0062752754 | I12: =MAX(G12,0) -> 0 | J12: =MAX(-G12,0) -> 0.9
A13: 45785 | B13: 145.76 | C13: 146.61 | D13: 144.03 | E13: 145.32 | F13: 5206931 | G13: =E13-E12 -> 2.8 | H13: =G13/E12 -> 0.019646365 | I13: =MAX(G13,0) -> 2.8 | J13: =MAX(-G13,0) -> 0
A14: 45786 | B14: 147.15 | C14: 147.65 | D14: 145.91 | E14: 146.78 | F14: 9907887 | G14: =E14-E13 -> 1.46 | H14: =G14/E13 -> 0.010046793 | I14: =MAX(G14,0) -> 1.46 | J14: =MAX(-G14,0) -> 0 | Q14: =AVERAGE(E3:E14) -> 145.57
A15: 45789 | B15: 142.4 | C15: 143.34 | D15: 142.4 | E15: 142.87 | F15: 6409509 | G15: =E15-E14 -> -3.91 | H15: =G15/E14 -> -0.026638507 | I15: =MAX(G15,0) -> 0 | J15: =MAX(-G15,0) -> 3.91 | Q15: =Q14+(2/13)*(E15-Q14) -> 145.15462
A16: 45790 | B16: 138.37 | C16: 138.53 | D16: 138.37 | E16: 138.45 | F16: 16789587 | G16: =E16-E15 -> -4.42 | H16: =G16/E15 -> -0.030937216 | I16: =MAX(G16,0) -> 0 | J16: =MAX(-G16,0) -> 4.42 | Q16: =Q15+(2/13)*(E16-Q15) -> 144.12314
A17: 45791 | B17: 136.62 | C17: 136.72 | D17: 136.62 | E17: 136.67 | F17: 14913983 | G17: =E17-E16 -> -1.78 | H17: =G17/E16 -> -0.012856627 | I17: =MAX(G17,0) -> 0 | J17: =MAX(-G17,0) -> 1.78 | K17: =AVERAGE(I4:I17) -> 0.575 | L17: =AVERAGE(J4:J17) -> 1.3842857 | M17: =IF(L17=0,100,100-100/(1+K17/MAX(L17,0.000001))) -> 29.34743 | Q17: =Q16+(2/13)*(E17-Q16) -> 142.9765 | V17: =IF(M17="","",IF(M17<Assumptions!$B$5,"BUY",IF(M17>Assumptions!$B$4,"SELL","HOLD"))) -> BUY
A18: 45792 | B18: 135.39 | C18: 136.89 | D18: 134.69 | E18: 135.79 | F18: 4849181 | G18: =E18-E17 -> -0.88 | H18: =G18/E17 -> -0.0064388673 | I18: =MAX(G18,0) -> 0 | J18: =MAX(-G18,0) -> 0.88 | K18: =(K17*13+I18)/14 -> 0.53392857 | L18: =(L17*13+J18)/14 -> 1.3482653 | M18: =IF(L18=0,100,100-100/(1+K18/MAX(L18,0.000001))) -> 28.367352 | Q18: =Q17+(2/13)*(E18-Q17) -> 141.87088 | V18: =IF(M18="","",IF(M18<Assumptions!$B$5,"BUY",IF(M18>Assumptions!$B$4,"SELL","HOLD"))) -> BUY
A19: 45793 | B19: 135.08 | C19: 135.86 | D19: 135.08 | E19: 135.47 | F19: 18894794 | G19: =E19-E18 -> -0.32 | H19: =G19/E18 -> -0.00235658 | I19: =MAX(G19,0) -> 0 | J19: =MAX(-G19,0) -> 0.32 | K19: =(K18*13+I19)/14 -> 0.49579082 | L19: =(L18*13+J19)/14 -> 1.2748178 | M19: =IF(L19=0,100,100-100/(1+K19/MAX(L19,0.000001))) -> 28.001153 | Q19: =Q18+(2/13)*(E19-Q18) -> 140.88613 | V19: =IF(M19="","",IF(M19<Assumptions!$B$5,"BUY",IF(M19>Assumptions!$B$4,"SELL","HOLD"))) -> BUY
A20: 45796 | B20: 135.36 | C20: 136.67 | D20: 134.41 | E20: 135.54 | F20: 18188790 | G20: =E20-E19 -> 0.07 | H20: =G20/E19 -> 0.00051671957 | I20: =MAX(G20,0) -> 0.07 | J20: =MAX(-G20,0) -> 0 | K20: =(K19*13+I20)/14 -> 0.46537719 | L20: =(L19*13+J20)/14 -> 1.1837594 | M20: =IF(L20=0,100,100-100/(1+K20/MAX(L20,0.000001))) -> 28.219445 | Q20: =Q19+(2/13)*(E20-Q19) -> 140.06365 | V20: =IF(M20="","",IF(M20<Assumptions!$B$5,"BUY",IF(M20>Assumptions!$B$4,"SELL","HOLD"))) -> BUY
A21: 45797 | B21: 136.47 | C21: 137.46 | D21: 136.04 | E21: 136.75 | F21: 8711131 | G21: =E21-E20 -> 1.21 | H21: =G21/E20 -> 0.0089272539 | I21: =MAX(G21,0) -> 1.21 | J21: =MAX(-G21,0) -> 0 | K21: =(K20*13+I21)/14 -> 0.51856453 | L21: =(L20*13+J21)/14 -> 1.0992051 | M21: =IF(L21=0,100,100-100/(1+K21/MAX(L21,0.000001))) -> 32.054287 | Q21: =Q20+(2/13)*(E21-Q20) -> 139.55386 | V21: =IF(M21="","",IF(M21<Assumptions!$B$5,"BUY",IF(M21>Assumptions!$B$4,"SELL","HOLD"))) -> HOLD
A22: 45798 | B22: 134.23 | C22: 134.51 | D22: 134.21 | E22: 134.36 | F22: 18284873 | G22: =E22-E21 -> -2.39 | H22: =G22/E21 -> -0.017477148 | I22: =MAX(G22,0) -> 0 | J22: =MAX(-G22,0) -> 2.39 | K22: =(K21*13+I22)/14 -> 0.48152421 | L22: =(L21*13+J22)/14 -> 1.1914048 | M22: =IF(L22=0,100,100-100/(1+K22/MAX(L22,0.000001))) -> 28.783303 | N22: =AVERAGE(E3:E22) -> 142.137 | Q22: =Q21+(2/13)*(E22-Q21) -> 138.7548 | V22: =IF(M22="","",IF(M22<Assumptions!$B$5,"BUY",IF(M22>Assumptions!$B$4,"SELL","HOLD"))) -> BUY
A23: 45799 | B23: 131.14 | C23: 131.38 | D23: 131.14 | E23: 131.26 | F23: 16140246 | G23: =E23-E22 -> -3.1 | H23: =G23/E22 -> -0.023072343 | I23: =MAX(G23,0) -> 0 | J23: =MAX(-G23,0) -> 3.1 | K23: =(K22*13+I23)/14 -> 0.44712962 | L23: =(L22*13+J23)/14 -> 1.327733 | M23: =IF(L23=0,100,100-100/(1+K23/MAX(L23,0.000001))) -> 25.192351 | N23: =AVERAGE(E4:E23) -> 141.3 | Q23: =Q22+(2/13)*(E23-Q22) -> 137.60176 | V23: =IF(M23="","",IF(M23<Assumptions!$B$5,"BUY",IF(M23>Assumptions!$B$4,"SELL","HOLD"))) -> BUY
A24: 45800 | B24: 131.58 | C24: 132.52 | D24: 130.88 | E24: 131.7 | F24: 15242925 | G24: =E24-E23 -> 0.44 | H24: =G24/E23 -> 0.0033521256 | I24: =MAX(G24,0) -> 0.44 | J24: =MAX(-G24,0) -> 0 | K24: =(K23*13+I24)/14 -> 0.44662036 | L24: =(L23*13+J24)/14 -> 1.2328949 | M24: =IF(L24=0,100,100-100/(1+K24/MAX(L24,0.000001))) -> 26.592218 | N24: =AVERAGE(E5:E24) -> 140.4655 | Q24: =Q23+(2/13)*(E24-Q23) -> 136.69379 | V24: =IF(M24="","",IF(M24<Assumptions!$B$5,"BUY",IF(M24>Assumptions!$B$4,"SELL","HOLD"))) -> BUY
A25: 45803 | B25: 131.06 | C25: 131.14 | D25: 131.06 | E25: 131.1 | F25: 11659486 | G25: =E25-E24 -> -0.6 | H25: =G25/E24 -> -0.0045558087 | I25: =MAX(G25,0) -> 0 | J25: =MAX(-G25,0) -> 0.6 | K25: =(K24*13+I25)/14 -> 0.41471891 | L25: =(L24*13+J25)/14 -> 1.1876881 | M25: =IF(L25=0,100,100-100/(1+K25/MAX(L25,0.000001))) -> 25.880996 | N25: =AVERAGE(E6:E25) -> 139.682 | Q25: =Q24+(2/13)*(E25-Q24) -> 135.83321 | V25: =IF(M25="","",IF(M25<Assumptions!$B$5,"BUY",IF(M25>Assumptions!$B$4,"SELL","HOLD"))) -> BUY
A26: 45804 | B26: 130.61 | C26: 131.84 | D26: 130.04 | E26: 130.94 | F26: 8056629 | G26: =E26-E25 -> -0.16 | H26: =G26/E25 -> -0.0012204424 | I26: =MAX(G26,0) -> 0 | J26: =MAX(-G26,0) -> 0.16 | K26: =(K25*13+I26)/14 -> 0.38509613 | L26: =(L25*13+J26)/14 -> 1.1142818 | M26: =IF(L26=0,100,100-100/(1+K26/MAX(L26,0.000001))) -> 25.683726 | N26: =AVERAGE(E7:E26) -> 138.9365 | Q26: =Q25+(2/13)*(E26-Q25) -> 135.08041 | V26: =IF(M26="","",IF(M26<Assumptions!$B$5,"BUY",IF(M26>Assumptions!$B$4,"SELL","HOLD"))) -> BUY
A27: 45805 | B27: 129.96 | C27: 130.12 | D27: 129.6 | E27: 129.86 | F27: 6457346 | G27: =E27-E26 -> -1.08 | H27: =G27/E26 -> -0.0082480525 | I27: =MAX(G27,0) -> 0 | J27: =MAX(-G27,0) -> 1.08 | K27: =(K26*13+I27)/14 -> 0.35758926 | L27: =(L26*13+J27)/14 -> 1.1118331 | M27: =IF(L27=0,100,100-100/(1+K27/MAX(L27,0.000001))) -> 24.335362 | N27: =AVERAGE(E8:E27) -> 138.109 | Q27: =Q26+(2/13)*(E27-Q26) -> 134.27727 | V27: =IF(M27="","",IF(M27<Assumptions!$B$5,"BUY",IF(M27>Assumptions!$B$4,"SELL","HOLD"))) -> BUY
A28: 45806 | B28: 129.58 | C28: 130.3 | D28: 128.86 | E28: 129.58 | F28: 13950345 | G28: =E28-E27 -> -0.28 | H28: =G28/E27 -> -0.0021561682 | I28: =MAX(G28,0) -> 0 | J28: =MAX(-G28,0) -> 0.28 | K28: =(K27*13+I28)/14 -> 0.33204717 | L28: =(L27*13+J28)/14 -> 1.0524165 | M28: =IF(L28=0,100,100-100/(1+K28/MAX(L28,0.000001))) -> 23.983813 | N28: =AVERAGE(E9:E28) -> 137.3795 | Q28: =Q27+(2/13)*(E28-Q27) -> 133.55461 | R28: =AVERAGE(E3:E28) -> 139.50692 | S28: =Q28-R28 -> -5.9523109 | V28: =IF(M28="","",IF(M28<Assumptions!$B$5,"BUY",IF(M28>Assumptions!$B$4,"SELL","HOLD"))) -> BUY
A29: 45807 | B29: 132.06 | C29: 132.18 | D29: 132.06 | E29: 132.12 | F29: 17405000 | G29: =E29-E28 -> 2.54 | H29: =G29/E28 -> 0.01960179 | I29: =MAX(G29,0) -> 2.54 | J29: =MAX(-G29,0) -> 0 | K29: =(K28*13+I29)/14 -> 0.48975809 | L29: =(L28*13+J29)/14 -> 0.97724388 | M29: =IF(L29=0,100,100-100/(1+K29/MAX(L29,0.000001))) -> 33.384965 | N29: =AVERAGE(E10:E29) -> 136.6655 | Q29: =Q28+(2/13)*(E29-Q28) -> 133.3339 | R29: =R28+(2/27)*(E29-R28) -> 138.95974 | S29: =Q29-R29 -> -5.6258409 | V29: =IF(M29="","",IF(M29<Assumptions!$B$5,"BUY",IF(M29>Assumptions!$B$4,"SELL","HOLD"))) -> HOLD
A30: 45810 | B30: 130.19 | C30: 130.75 | D30: 127.99 | E30: 129.37 | F30: 14285236 | G30: =E30-E29 -> -2.75 | H30: =G30/E29 -> -0.020814411 | I30: =MAX(G30,0) -> 0 | J30: =MAX(-G30,0) -> 2.75 | K30: =(K29*13+I30)/14 -> 0.45477537 | L30: =(L29*13+J30)/14 -> 1.1038693 | M30: =IF(L30=0,100,100-100/(1+K30/MAX(L30,0.000001))) -> 29.177616 | N30: =AVERAGE(E11:E30) -> 135.9935 | Q30: =Q29+(2/13)*(E30-Q29) -> 132.72407 | R30: =R29+(2/27)*(E30-R29) -> 138.24939 | S30: =Q30-R30 -> -5.5253207 | V30: =IF(M30="","",IF(M30<Assumptions!$B$5,"BUY",IF(M30>Assumptions!$B$4,"SELL","HOLD"))) -> BUY
A31: 45811 | B31: 127.01 | C31: 127.85 | D31: 126.83 | E31: 127.34 | F31: 12792030 | G31: =E31-E30 -> -2.03 | H31: =G31/E30 -> -0.015691428 | I31: =MAX(G31,0) -> 0 | J31: =MAX(-G31,0) -> 2.03 | K31: =(K30*13+I31)/14 -> 0.42229141 | L31: =(L30*13+J31)/14 -> 1.1700215 | M31: =IF(L31=0,100,100-100/(1+K31/MAX(L31,0.000001))) -> 26.52063 | N31: =AVERAGE(E12:E31) -> 135.1895 | Q31: =Q30+(2/13)*(E31-Q30) -> 131.89575 | R31: =R30+(2/27)*(E31-R30) -> 137.44129 | S31: =Q31-R31 -> -5.5455363 | V31: =IF(M31="","",IF(M31<Assumptions!$B$5,"BUY",IF(M31>Assumptions!$B$4,"SELL","HOLD"))) -> BUY
A32: 45812 | B32: 128.48 | C32: 129.29 | D32: 127.55 | E32: 128.42 | F32: 5995289 | G32: =E32-E31 -> 1.08 | H32: =G32/E31 -> 0.0084812313 | I32: =MAX(G32,0) -> 1.08 | J32: =MAX(-G32,0) -> 0 | K32: =(K31*13+I32)/14 -> 0.4692706 | L32: =(L31*13+J32)/14 -> 1.0864485 | M32: =IF(L32=0,100,100-100/(1+K32/MAX(L32,0.000001))) -> 30.164223 | N32: =AVERAGE(E13:E32) -> 134.4845 | Q32: =Q31+(2/13)*(E32-Q31) -> 131.36102 | R32: =R31+(2/27)*(E32-R31) -> 136.77305 | S32: =Q32-R32 -> -5.4120239 | V32: =IF(M32="","",IF(M32<Assumptions!$B$5,"BUY",IF(M32>Assumptions!$B$4,"SELL","HOLD"))) -> HOLD
A33: 45813 | B33: 130.89 | C33: 131.54 | D33: 130.62 | E33: 131.08 | F33: 15221689 | G33: =E33-E32 -> 2.66 | H33: =G33/E32 -> 0.020713285 | I33: =MAX(G33,0) -> 2.66 | J33: =MAX(-G33,0) -> 0 | K33: =(K32*13+I33)/14 -> 0.62575127 | L33: =(L32*13+J33)/14 -> 1.0088451 | M33: =IF(L33=0,100,100-100/(1+K33/MAX(L33,0.000001))) -> 38.2817 | N33: =AVERAGE(E14:E33) -> 133.7725 | Q33: =Q32+(2/13)*(E33-Q32) -> 131.31779 | R33: =R32+(2/27)*(E33-R32) -> 136.35134 | S33: =Q33-R33 -> -5.0335509 | V33: =IF(M33="","",IF(M33<Assumptions!$B$5,"BUY",IF(M33>Assumptions!$B$4,"SELL","HOLD"))) -> HOLD
A34: 45814 | B34: 130.6 | C34: 130.88 | D34: 130.6 | E34: 130.74 | F34: 15541969 | G34: =E34-E33 -> -0.34 | H34: =G34/E33 -> -0.0025938358 | I34: =MAX(G34,0) -> 0 | J34: =MAX(-G34,0) -> 0.34 | K34: =(K33*13+I34)/14 -> 0.58105475 | L34: =(L33*13+J34)/14 -> 0.96107043 | M34: =IF(L34=0,100,100-100/(1+K34/MAX(L34,0.000001))) -> 37.678832 | N34: =AVERAGE(E15:E34) -> 132.9705 | Q34: =Q33+(2/13)*(E34-Q33) -> 131.2289 | R34: =R33+(2/27)*(E34-R33) -> 135.93568 | S34: =Q34-R34 -> -4.7067866 | V34: =IF(M34="","",IF(M34<Assumptions!$B$5,"BUY",IF(M34>Assumptions!$B$4,"SELL","HOLD"))) -> HOLD
A35: 45817 | B35: 128.48 | C35: 129.53 | D35: 127.71 | E35: 128.62 | F35: 9742314 | G35: =E35-E34 -> -2.12 | H35: =G35/E34 -> -0.016215389 | I35: =MAX(G35,0) -> 0 | J35: =MAX(-G35,0) -> 2.12 | K35: =(K34*13+I35)/14 -> 0.53955084 | L35: =(L34*13+J35)/14 -> 1.0438511 | M35: =IF(L35=0,100,100-100/(1+K35/MAX(L35,0.000001))) -> 34.075418 | N35: =AVERAGE(E16:E35) -> 132.258 | Q35: =Q34+(2/13)*(E35-Q34) -> 130.82753 | R35: =R34+(2/27)*(E35-R34) -> 135.39378 | S35: =Q35-R35 -> -4.5662529 | V35: =IF(M35="","",IF(M35<Assumptions!$B$5,"BUY",IF(M35>Assumptions!$B$4,"SELL","HOLD"))) -> HOLD
A36: 45818 | B36: 125.29 | C36: 125.89 | D36: 124.77 | E36: 125.33 | F36: 13134078 | G36: =E36-E35 -> -3.29 | H36: =G36/E35 -> -0.025579226 | I36: =MAX(G36,0) -> 0 | J36: =MAX(-G36,0) -> 3.29 | K36: =(K35*13+I36)/14 -> 0.50101149 | L36: =(L35*13+J36)/14 -> 1.2042903 | M36: =IF(L36=0,100,100-100/(1+K36/MAX(L36,0.000001))) -> 29.379638 | N36: =AVERAGE(E17:E36) -> 131.602 | Q36: =Q35+(2/13)*(E36-Q35) -> 129.98175 | R36: =R35+(2/27)*(E36-R35) -> 134.64832 | S36: =Q36-R36 -> -4.6665612 | T36: =AVERAGE(S28:S36) -> -5.2260205 | U36: =S36-T36 -> 0.55945929 | V36: =IF(M36="","",IF(M36<Assumptions!$B$5,"BUY",IF(M36>Assumptions!$B$4,"SELL","HOLD"))) -> BUY | X36: =IF(T36="","",IF(S36>T36,"BUY","SELL")) -> BUY
A37: 45819 | B37: 125.37 | C37: 126.17 | D37: 125.37 | E37: 125.77 | F37: 8109463 | G37: =E37-E36 -> 0.44 | H37: =G37/E36 -> 0.0035107317 | I37: =MAX(G37,0) -> 0.44 | J37: =MAX(-G37,0) -> 0 | K37: =(K36*13+I37)/14 -> 0.49665353 | L37: =(L36*13+J37)/14 -> 1.1182696 | M37: =IF(L37=0,100,100-100/(1+K37/MAX(L37,0.000001))) -> 30.754005 | N37: =AVERAGE(E18:E37) -> 131.057 | Q37: =Q36+(2/13)*(E37-Q36) -> 129.33379 | R37: =R36+(2/27)*(E37-R36) -> 133.99066 | S37: =Q37-R37 -> -4.6568704 | T37: =T36+(2/10)*(S37-T36) -> -5.1121905 | U37: =S37-T37 -> 0.45532004 | V37: =IF(M37="","",IF(M37<Assumptions!$B$5,"BUY",IF(M37>Assumptions!$B$4,"SELL","HOLD"))) -> HOLD | X37: =IF(T37="","",IF(S37>T37,"BUY","SELL")) -> BUY
A38: 45820 | B38: 123.85 | C38: 123.85 | D38: 123.67 | E38: 123.76 | F38: 14404868 | G38: =E38-E37 -> -2.01 | H38: =G38/E37 -> -0.015981554 | I38: =MAX(G38,0) -> 0 | J38: =MAX(-G38,0) -> 2.01 | K38: =(K37*13+I38)/14 -> 0.46117828 | L38: =(L37*13+J38)/14 -> 1.1819646 | M38: =IF(L38=0,100,100-100/(1+K38/MAX(L38,0.000001))) -> 28.066839 | N38: =AVERAGE(E19:E38) -> 130.4555 | Q38: =Q37+(2/13)*(E38-Q37) -> 128.47629 | R38: =R37+(2/27)*(E38-R37) -> 133.23284 | S38: =Q38-R38 -> -4.7565501 | T38: =T37+(2/10)*(S38-T37) -> -5.0410624 | U38: =S38-T38 -> 0.28451231 | V38: =IF(M38="","",IF(M38<Assumptions!$B$5,"BUY",IF(M38>Assumptions!$B$4,"SELL","HOLD"))) -> BUY | X38: =IF(T38="","",IF(S38>T38,"BUY","SELL")) -> BUY
A39: 45821 | B39: 127.21 | C39: 128.32 | D39: 126.32 | E39: 127.32 | F39: 12422857 | G39: =E39-E38 -> 3.56 | H39: =G39/E38 -> 0.028765352 | I39: =MAX(G39,0) -> 3.56 | J39: =MAX(-G39,0) -> 0 | K39: =(K38*13+I39)/14 -> 0.68252269 | L39: =(L38*13+J39)/14 -> 1.0975386 | M39: =IF(L39=0,100,100-100/(1+K39/MAX(L39,0.000001))) -> 38.342652 | N39: =AVERAGE(E20:E39) -> 130.048 | Q39: =Q38+(2/13)*(E39-Q38) -> 128.2984 | R39: =R38+(2/27)*(E39-R38) -> 132.79485 | S39: =Q39-R39 -> -4.4964524 | T39: =T38+(2/10)*(S39-T38) -> -4.9321404 | U39: =S39-T39 -> 0.43568801 | V39: =IF(M39="","",IF(M39<Assumptions!$B$5,"BUY",IF(M39>Assumptions!$B$4,"SELL","HOLD"))) -> HOLD | X39: =IF(T39="","",IF(S39>T39,"BUY","SELL")) -> BUY
A40: 45824 | B40: 131.04 | C40: 131.66 | D40: 130.88 | E40: 131.27 | F40: 8512165 | G40: =E40-E39 -> 3.95 | H40: =G40/E39 -> 0.031024191 | I40: =MAX(G40,0) -> 3.95 | J40: =MAX(-G40,0) -> 0 | K40: =(K39*13+I40)/14 -> 0.91591392 | L40: =(L39*13+J40)/14 -> 1.019143 | M40: =IF(L40=0,100,100-100/(1+K40/MAX(L40,0.000001))) -> 47.332661 | N40: =AVERAGE(E21:E40) -> 129.8345 | Q40: =Q39+(2/13)*(E40-Q39) -> 128.75557 | R40: =R39+(2/27)*(E40-R39) -> 132.6819 | S40: =Q40-R40 -> -3.9263308 | T40: =T39+(2/10)*(S40-T39) -> -4.7309785 | U40: =S40-T40 -> 0.80464769 | V40: =IF(M40="","",IF(M40<Assumptions!$B$5,"BUY",IF(M40>Assumptions!$B$4,"SELL","HOLD"))) -> HOLD | X40: =IF(T40="","",IF(S40>T40,"BUY","SELL")) -> BUY
A41: 45825 | B41: 131.57 | C41: 132.1 | D41: 131.24 | E41: 131.67 | F41: 9263472 | G41: =E41-E40 -> 0.4 | H41: =G41/E40 -> 0.0030471547 | I41: =MAX(G41,0) -> 0.4 | J41: =MAX(-G41,0) -> 0 | K41: =(K40*13+I41)/14 -> 0.87906293 | L41: =(L40*13+J41)/14 -> 0.94634703 | M41: =IF(L41=0,100,100-100/(1+K41/MAX(L41,0.000001))) -> 48.157014 | N41: =AVERAGE(E22:E41) -> 129.5805 | Q41: =Q40+(2/13)*(E41-Q40) -> 129.20394 | R41: =R40+(2/27)*(E41-R40) -> 132.60694 | S41: =Q41-R41 -> -3.403001 | T41: =T40+(2/10)*(S41-T40) -> -4.465383 | U41: =S41-T41 -> 1.062382 | V41: =IF(M41="","",IF(M41<Assumptions!$B$5,"BUY",IF(M41>Assumptions!$B$4,"SELL","HOLD"))) -> HOLD | X41: =IF(T41="","",IF(S41>T41,"BUY","SELL")) -> BUY
A42: 45826 | B42: 132.5 | C42: 132.54 | D42: 132.5 | E42: 132.52 | F42: 13797321 | G42: =E42-E41 -> 0.85 | H42: =G42/E41 -> 0.0064555328 | I42: =MAX(G42,0) -> 0.85 | J42: =MAX(-G42,0) -> 0 | K42: =(K41*13+I42)/14 -> 0.87698701 | L42: =(L41*13+J42)/14 -> 0.87875082 | M42: =IF(L42=0,100,100-100/(1+K42/MAX(L42,0.000001))) -> 49.94977 | N42: =AVERAGE(E23:E42) -> 129.4885 | Q42: =Q41+(2/13)*(E42-Q41) -> 129.7141 | R42: =R41+(2/27)*(E42-R41) -> 132.6005 | S42: =Q42-R42 -> -2.8863978 | T42: =T41+(2/10)*(S42-T41) -> -4.1495859 | U42: =S42-T42 -> 1.2631881 | V42: =IF(M42="","",IF(M42<Assumptions!$B$5,"BUY",IF(M42>Assumptions!$B$4,"SELL","HOLD"))) -> HOLD | X42: =IF(T42="","",IF(S42>T42,"BUY","SELL")) -> BUY
A43: 45827 | B43: 132.47 | C43: 132.47 | D43: 132.19 | E43: 132.33 | F43: 10053312 | G43: =E43-E42 -> -0.19 | H43: =G43/E42 -> -0.0014337458 | I43: =MAX(G43,0) -> 0 | J43: =MAX(-G43,0) -> 0.19 | K43: =(K42*13+I43)/14 -> 0.81434508 | L43: =(L42*13+J43)/14 -> 0.82955433 | M43: =IF(L43=0,100,100-100/(1+K43/MAX(L43,0.000001))) -> 49.537403 | N43: =AVERAGE(E24:E43) -> 129.542 | Q43: =Q42+(2/13)*(E43-Q42) -> 130.11655 | R43: =R42+(2/27)*(E43-R42) -> 132.58046 | S43: =Q43-R43 -> -2.4639151 | T43: =T42+(2/10)*(S43-T42) -> -3.8124518 | U43: =S43-T43 -> 1.3485367 | V43: =IF(M43="","",IF(M43<Assumptions!$B$5,"BUY",IF(M43>Assumptions!$B$4,"SELL","HOLD"))) -> HOLD | X43: =IF(T43="","",IF(S43>T43,"BUY","SELL")) -> BUY
A44: 45828 | B44: 134.73 | C44: 134.73 | D44: 133.91 | E44: 134.32 | F44: 11351084 | G44: =E44-E43 -> 1.99 | H44: =G44/E43 -> 0.015038162 | I44: =MAX(G44,0) -> 1.99 | J44: =MAX(-G44,0) -> 0 | K44: =(K43*13+I44)/14 -> 0.89832043 | L44: =(L43*13+J44)/14 -> 0.77030045 | M44: =IF(L44=0,100,100-100/(1+K44/MAX(L44,0.000001))) -> 53.836101 | N44: =AVERAGE(E25:E44) -> 129.673 | Q44: =Q43+(2/13)*(E44-Q43) -> 130.76323 | R44: =R43+(2/27)*(E44-R43) -> 132.70932 | S44: =Q44-R44 -> -1.9460848 | T44: =T43+(2/10)*(S44-T43) -> -3.4391784 | U44: =S44-T44 -> 1.4930936 | V44: =IF(M44="","",IF(M44<Assumptions!$B$5,"BUY",IF(M44>Assumptions!$B$4,"SELL","HOLD"))) -> HOLD | X44: =IF(T44="","",IF(S44>T44,"BUY","SELL")) -> BUY
A45: 45831 | B45: 133.58 | C45: 135.93 | D45: 132.73 | E45: 134.33 | F45: 10961067 | G45: =E45-E44 -> 0.01 | H45: =G45/E44 -> 7.4449077e-05 | I45: =MAX(G45,0) -> 0.01 | J45: =MAX(-G45,0) -> 0 | K45: =(K44*13+I45)/14 -> 0.83486897 | L45: =(L44*13+J45)/14 -> 0.71527899 | M45: =IF(L45=0,100,100-100/(1+K45/MAX(L45,0.000001))) -> 53.857373 | N45: =AVERAGE(E26:E45) -> 129.8345 | Q45: =Q44+(2/13)*(E45-Q44) -> 131.31197 | R45: =R44+(2/27)*(E45-R44) -> 132.82937 | S45: =Q45-R45 -> -1.517402 | T45: =T44+(2/10)*(S45-T44) -> -3.0548231 | U45: =S45-T45 -> 1.5374211 | V45: =IF(M45="","",IF(M45<Assumptions!$B$5,"BUY",IF(M45>Assumptions!$B$4,"SELL","HOLD"))) -> HOLD | X45: =IF(T45="","",IF(S45>T45,"BUY","SELL")) -> BUY
A46: 45832 | B46: 134.03 | C46: 135.36 | D46: 133.54 | E46: 134.45 | F46: 8682035 | G46: =E46-E45 -> 0.12 | H46: =G46/E45 -> 0.00089332241 | I46: =MAX(G46,0) -> 0.12 | J46: =MAX(-G46,0) -> 0 | K46: =(K45*13+I46)/14 -> 0.7838069 | L46: =(L45*13+J46)/14 -> 0.66418763 | M46: =IF(L46=0,100,100-100/(1+K46/MAX(L46,0.000001))) -> 54.130515 | N46: =AVERAGE(E27:E46) -> 130.01 | Q46: =Q45+(2/13)*(E46-Q45) -> 131.79474 | R46: =R45+(2/27)*(E46-R45) -> 132.94942 | S46: =Q46-R46 -> -1.1546744 | T46: =T45+(2/10)*(S46-T45) -> -2.6747934 | U46: =S46-T46 -> 1.5201189 | V46: =IF(M46="","",IF(M46<Assumptions!$B$5,"BUY",IF(M46>Assumptions!$B$4,"SELL","HOLD"))) -> HOLD | X46: =IF(T46="","",IF(S46>T46,"BUY","SELL")) -> BUY
A47: 45833 | B47: 137.25 | C47: 137.25 | D47: 136.47 | E47: 136.86 | F47: 7195644 | G47: =E47-E46 -> 2.41 | H47: =G47/E46 -> 0.017924879 | I47: =MAX(G47,0) -> 2.41 | J47: =MAX(-G47,0) -> 0 | K47: =(K46*13+I47)/14 -> 0.89996355 | L47: =(L46*13+J47)/14 -> 0.61674566 | M47: =IF(L47=0,100,100-100/(1+K47/MAX(L47,0.000001))) -> 59.336592 | N47: =AVERAGE(E28:E47) -> 130.36 | Q47: =Q46+(2/13)*(E47-Q46) -> 132.57401 | R47: =R46+(2/27)*(E47-R46) -> 133.23909 | S47: =Q47-R47 -> -0.66507676 | T47: =T46+(2/10)*(S47-T46) -> -2.27285 | U47: =S47-T47 -> 1.6077733 | V47: =IF(M47="","",IF(M47<Assumptions!$B$5,"BUY",IF(M47>Assumptions!$B$4,"SELL","HOLD"))) -> HOLD | X47: =IF(T47="","",IF(S47>T47,"BUY","SELL")) -> BUY
A48: 45834 | B48: 137.48 | C48: 138.5 | D48: 137.48 | E48: 137.99 | F48: 10296792 | G48: =E48-E47 -> 1.13 | H48: =G48/E47 -> 0.0082566126 | I48: =MAX(G48,0) -> 1.13 | J48: =MAX(-G48,0) -> 0 | K48: =(K47*13+I48)/14 -> 0.91639472 | L48: =(L47*13+J48)/14 -> 0.5726924 | M48: =IF(L48=0,100,100-100/(1+K48/MAX(L48,0.000001))) -> 61.540706 | N48: =AVERAGE(E29:E48) -> 130.7805 | Q48: =Q47+(2/13)*(E48-Q47) -> 133.40724 | R48: =R47+(2/27)*(E48-R47) -> 133.59101 | S48: =Q48-R48 -> -0.18376718 | T48: =T47+(2/10)*(S48-T47) -> -1.8550335 | U48: =S48-T48 -> 1.6712663 | V48: =IF(M48="","",IF(M48<Assumptions!$B$5,"BUY",IF(M48>Assumptions!$B$4,"SELL","HOLD"))) -> HOLD | X48: =IF(T48="","",IF(S48>T48,"BUY","SELL")) -> BUY
... A51: 45839 | B51: 137.35 | C51: 139.08 | D51: 136.76 | E51: 137.92 | F51: 11702895 | G51: =E51-E50 -> -0.99 | H51: =G51/E50 -> -0.0071269167 | I51: =MAX(G51,0) -> 0 | J51: =MAX(-G51,0) -> 0.99 | K51: =(K50*13+I51)/14 -> 0.97329782 | L51: =(L50*13+J51)/14 -> 0.72623367 | M51: =IF(L51=0,100,100-100/(1+K51/MAX(L51,0.000001))) -> 57.268596 | N51: =AVERAGE(E32:E51) -> 132.2745 | Q51: =Q50+(2/13)*(E51-Q50) -> 135.75112 | R51: =R50+(2/27)*(E51-R50) -> 134.80289 | S51: =Q51-R51 -> 0.94822928 | T51: =T50+(2/10)*(S51-T50) -> -0.56687618 | U51: =S51-T51 -> 1.5151055 | V51: =IF(M51="","",IF(M51<Assumptions!$B$5,"BUY",IF(M51>Assumptions!$B$4,"SELL","HOLD"))) -> HOLD | X51: =IF(T51="","",IF(S51>T51,"BUY","SELL")) -> BUY
A52: 45840 | B52: 136.73 | C52: 136.84 | D52: 135.8 | E52: 136.32 | F52: 14343843 | G52: =E52-E51 -> -1.6 | H52: =G52/E51 -> -0.011600928 | I52: =MAX(G52,0) -> 0 | J52: =MAX(-G52,0) -> 1.6 | K52: =(K51*13+I52)/14 -> 0.90377654 | L52: =(L51*13+J52)/14 -> 0.78864555 | M52: =IF(L52=0,100,100-100/(1+K52/MAX(L52,0.000001))) -> 53.401368 | N52: =AVERAGE(E33:E52) -> 132.6695 | O52: =AVERAGE(E3:E52) -> 135.9564 | Q52: =Q51+(2/13)*(E52-Q51) -> 135.83864 | R52: =R51+(2/27)*(E52-R51) -> 134.91527 | S52: =Q52-R52 -> 0.92337056 | T52: =T51+(2/10)*(S52-T51) -> -0.26882683 | U52: =S52-T52 -> 1.1921974 | V52: =IF(M52="","",IF(M52<Assumptions!$B$5,"BUY",IF(M52>Assumptions!$B$4,"SELL","HOLD"))) -> HOLD | W52: =IF(O52="","",IF(E52>O52,"BUY","SELL")) -> BUY | X52: =IF(T52="","",IF(S52>T52,"BUY","SELL")) -> BUY | Y52: =IF(OR(V52="",W52="",X52=""),"",IFERROR(IF(V52="BUY",1,IF(V52="SELL",-1,0))+IF(W52="BUY",1,IF(W52="SELL",-1,0))+IF(X52="BUY",1,IF(X52="SELL",-1,0)),0)) -> 2 | Z52: =IF(Y52="","",IF(Y52>=2,"STRONG BUY",IF(Y52=1,"BUY",IF(Y52=0,"HOLD",IF(Y52=-1,"SELL","STRONG SELL"))))) -> STRONG BUY
A53: 45841 | B53: 137.55 | C53: 138.91 | D53: 136.75 | E53: 137.83 | F53: 6331175 | G53: =E53-E52 -> 1.51 | H53: =G53/E52 -> 0.011076878 | I53: =MAX(G53,0) -> 1.51 | J53: =MAX(-G53,0) -> 0 | K53: =(K52*13+I53)/14 -> 0.94707822 | L53: =(L52*13+J53)/14 -> 0.73231373 | M53: =IF(L53=0,100,100-100/(1+K53/MAX(L53,0.000001))) -> 56.394115 | N53: =AVERAGE(E34:E53) -> 133.007 | O53: =AVERAGE(E4:E53) -> 135.753 | Q53: =Q52+(2/13)*(E53-Q52) -> 136.14501 | R53: =R52+(2/27)*(E53-R52) -> 135.13118 | S53: =Q53-R53 -> 1.0138275 | T53: =T52+(2/10)*(S53-T52) -> -0.012295973 | U53: =S53-T53 -> 1.0261234 | V53: =IF(M53="","",IF(M53<Assumptions!$B$5,"BUY",IF(M53>Assumptions!$B$4,"SELL","HOLD"))) -> HOLD | W53: =IF(O53="","",IF(E53>O53,"BUY","SELL")) -> BUY | X53: =IF(T53="","",IF(S53>T53,"BUY","SELL")) -> BUY | Y53: =IF(OR(V53="",W53="",X53=""),"",IFERROR(IF(V53="BUY",1,IF(V53="SELL",-1,0))+IF(W53="BUY",1,IF(W53="SELL",-1,0))+IF(X53="BUY",1,IF(X53="SELL",-1,0)),0)) -> 2 | Z53: =IF(Y53="","",IF(Y53>=2,"STRONG BUY",IF(Y53=1,"BUY",IF(Y53=0,"HOLD",IF(Y53=-1,"SELL","STRONG SELL"))))) -> STRONG BUY
A54: 45842 | B54: 136.96 | C54: 138.01 | D54: 135.91 | E54: 136.96 | F54: 9695517 | G54: =E54-E53 -> -0.87 | H54: =G54/E53 -> -0.0063121236 | I54: =MAX(G54,0) -> 0 | J54: =MAX(-G54,0) -> 0.87 | K54: =(K53*13+I54)/14 -> 0.87942978 | L54: =(L53*13+J54)/14 -> 0.74214846 | M54: =IF(L54=0,100,100-100/(1+K54/MAX(L54,0.000001))) -> 54.232954 | N54: =AVERAGE(E35:E54) -> 133.318 | O54: =AVERAGE(E5:E54) -> 135.5244 | Q54: =Q53+(2/13)*(E54-Q53) -> 136.27039 | R54: =R53+(2/27)*(E54-R53) -> 135.26665 | S54: =Q54-R54 -> 1.003743 | T54: =T53+(2/10)*(S54-T53) -> 0.19091181 | U54: =S54-T54 -> 0.81283114 | V54: =IF(M54="","",IF(M54<Assumptions!$B$5,"BUY",IF(M54>Assumptions!$B$4,"SELL","HOLD"))) -> HOLD | W54: =IF(O54="","",IF(E54>O54,"BUY","SELL")) -> BUY | X54: =IF(T54="","",IF(S54>T54,"BUY","SELL")) -> BUY | Y54: =IF(OR(V54="",W54="",X54=""),"",IFERROR(IF(V54="BUY",1,IF(V54="SELL",-1,0))+IF(W54="BUY",1,IF(W54="SELL",-1,0))+IF(X54="BUY",1,IF(X54="SELL",-1,0)),0)) -> 2 | Z54: =IF(Y54="","",IF(Y54>=2,"STRONG BUY",IF(Y54=1,"BUY",IF(Y54=0,"HOLD",IF(Y54=-1,"SELL","STRONG SELL"))))) -> STRONG BUY
A55: 45845 | B55: 138.02 | C55: 138.08 | D55: 138.02 | E55: 138.05 | F55: 16226073 | G55: =E55-E54 -> 1.09 | H55: =G55/E54 -> 0.007958528 | I55: =MAX(G55,0) -> 1.09 | J55: =MAX(-G55,0) -> 0 | K55: =(K54*13+I55)/14 -> 0.89447051 | L55: =(L54*13+J55)/14 -> 0.68913786 | M55: =IF(L55=0,100,100-100/(1+K55/MAX(L55,0.000001))) -> 56.483063 | N55: =AVERAGE(E36:E55) -> 133.7895 | O55: =AVERAGE(E6:E55) -> 135.35 | Q55: =Q54+(2/13)*(E55-Q54) -> 136.54418 | R55: =R54+(2/27)*(E55-R54) -> 135.47282 | S55: =Q55-R55 -> 1.0713549 | T55: =T54+(2/10)*(S55-T54) -> 0.36700043 | U55: =S55-T55 -> 0.70435446 | V55: =IF(M55="","",IF(M55<Assumptions!$B$5,"BUY",IF(M55>Assumptions!$B$4,"SELL","HOLD"))) -> HOLD | W55: =IF(O55="","",IF(E55>O55,"BUY","SELL")) -> BUY | X55: =IF(T55="","",IF(S55>T55,"BUY","SELL")) -> BUY | Y55: =IF(OR(V55="",W55="",X55=""),"",IFERROR(IF(V55="BUY",1,IF(V55="SELL",-1,0))+IF(W55="BUY",1,IF(W55="SELL",-1,0))+IF(X55="BUY",1,IF(X55="SELL",-1,0)),0)) -> 2 | Z55: =IF(Y55="","",IF(Y55>=2,"STRONG BUY",IF(Y55=1,"BUY",IF(Y55=0,"HOLD",IF(Y55=-1,"SELL","STRONG SELL"))))) -> STRONG BUY
A56: 45846 | B56: 136.15 | C56: 136.71 | D56: 135.25 | E56: 135.98 | F56: 14271652 | G56: =E56-E55 -> -2.07 | H56: =G56/E55 -> -0.014994567 | I56: =MAX(G56,0) -> 0 | J56: =MAX(-G56,0) -> 2.07 | K56: =(K55*13+I56)/14 -> 0.83057976 | L56: =(L55*13+J56)/14 -> 0.78777087 | M56: =IF(L56=0,100,100-100/(1+K56/MAX(L56,0.000001))) -> 51.322609 | N56: =AVERAGE(E37:E56) -> 134.322 | O56: =AVERAGE(E7:E56) -> 135.1526 | Q56: =Q55+(2/13)*(E56-Q55) -> 136.45738 | R56: =R55+(2/27)*(E56-R55) -> 135.51039 | S56: =Q56-R56 -> 0.94698982 | T56: =T55+(2/10)*(S56-T55) -> 0.4829983 | U56: =S56-T56 -> 0.46399151 | V56: =IF(M56="","",IF(M56<Assumptions!$B$5,"BUY",IF(M56>Assumptions!$B$4,"SELL","HOLD"))) -> HOLD | W56: =IF(O56="","",IF(E56>O56,"BUY","SELL")) -> BUY | X56: =IF(T56="","",IF(S56>T56,"BUY","SELL")) -> BUY | Y56: =IF(OR(V56="",W56="",X56=""),"",IFERROR(IF(V56="BUY",1,IF(V56="SELL",-1,0))+IF(W56="BUY",1,IF(W56="SELL",-1,0))+IF(X56="BUY",1,IF(X56="SELL",-1,0)),0)) -> 2 | Z56: =IF(Y56="","",IF(Y56>=2,"STRONG BUY",IF(Y56=1,"BUY",IF(Y56=0,"HOLD",IF(Y56=-1,"SELL","STRONG SELL"))))) -> STRONG BUY
A57: 45847 | B57: 135.86 | C57: 135.86 | D57: 135.8 | E57: 135.83 | F57: 2074057 | G57: =E57-E56 -> -0.15 | H57: =G57/E56 -> -0.0011031034 | I57: =MAX(G57,0) -> 0 | J57: =MAX(-G57,0) -> 0.15 | K57: =(K56*13+I57)/14 -> 0.77125263 | L57: =(L56*13+J57)/14 -> 0.7422158 | M57: =IF(L57=0,100,100-100/(1+K57/MAX(L57,0.000001))) -> 50.959281 | N57: =AVERAGE(E38:E57) -> 134.825 | O57: =AVERAGE(E8:E57) -> 134.941 | Q57: =Q56+(2/13)*(E57-Q56) -> 136.36086 | R57: =R56+(2/27)*(E57-R56) -> 135.53406 | S57: =Q57-R57 -> 0.82679508 | T57: =T56+(2/10)*(S57-T56) -> 0.55175766 | U57: =S57-T57 -> 0.27503742 | V57: =IF(M57="","",IF(M57<Assumptions!$B$5,"BUY",IF(M57>Assumptions!$B$4,"SELL","HOLD"))) -> HOLD | W57: =IF(O57="","",IF(E57>O57,"BUY","SELL")) -> BUY | X57: =IF(T57="","",IF(S57>T57,"BUY","SELL")) -> BUY | Y57: =IF(OR(V57="",W57="",X57=""),"",IFERROR(IF(V57="BUY",1,IF(V57="SELL",-1,0))+IF(W57="BUY",1,IF(W57="SELL",-1,0))+IF(X57="BUY",1,IF(X57="SELL",-1,0)),0)) -> 2 | Z57: =IF(Y57="","",IF(Y57>=2,"STRONG BUY",IF(Y57=1,"BUY",IF(Y57=0,"HOLD",IF(Y57=-1,"SELL","STRONG SELL"))))) -> STRONG BUY
A58: 45848 | B58: 139.94 | C58: 140.94 | D58: 138.98 | E58: 139.96 | F58: 10263394 | G58: =E58-E57 -> 4.13 | H58: =G58/E57 -> 0.030405654 | I58: =MAX(G58,0) -> 4.13 | J58: =MAX(-G58,0) -> 0 | K58: =(K57*13+I58)/14 -> 1.0111632 | L58: =(L57*13+J58)/14 -> 0.68920039 | M58: =IF(L58=0,100,100-100/(1+K58/MAX(L58,0.000001))) -> 59.467469 | N58: =AVERAGE(E39:E58) -> 135.635 | O58: =AVERAGE(E9:E58) -> 134.8568 | Q58: =Q57+(2/13)*(E58-Q57) -> 136.91457 | R58: =R57+(2/27)*(E58-R57) -> 135.86191 | S58: =Q58-R58 -> 1.0526619 | T58: =T57+(2/10)*(S58-T57) -> 0.65193852 | U58: =S58-T58 -> 0.40072342 | V58: =IF(M58="","",IF(M58<Assumptions!$B$5,"BUY",IF(M58>Assumptions!$B$4,"SELL","HOLD"))) -> HOLD | W58: =IF(O58="","",IF(E58>O58,"BUY","SELL")) -> BUY | X58: =IF(T58="","",IF(S58>T58,"BUY","SELL")) -> BUY | Y58: =IF(OR(V58="",W58="",X58=""),"",IFERROR(IF(V58="BUY",1,IF(V58="SELL",-1,0))+IF(W58="BUY",1,IF(W58="SELL",-1,0))+IF(X58="BUY",1,IF(X58="SELL",-1,0)),0)) -> 2 | Z58: =IF(Y58="","",IF(Y58>=2,"STRONG BUY",IF(Y58=1,"BUY",IF(Y58=0,"HOLD",IF(Y58=-1,"SELL","STRONG SELL"))))) -> STRONG BUY
A59: 45849 | B59: 143.35 | C59: 143.81 | D59: 142.17 | E59: 142.99 | F59: 7890788 | G59: =E59-E58 -> 3.03 | H59: =G59/E58 -> 0.021649043 | I59: =MAX(G59,0) -> 3.03 | J59: =MAX(-G59,0) -> 0 | K59: =(K58*13+I59)/14 -> 1.1553658 | L59: =(L58*13+J59)/14 -> 0.63997179 | M59: =IF(L59=0,100,100-100/(1+K59/MAX(L59,0.000001))) -> 64.353679 | N59: =AVERAGE(E40:E59) -> 136.4185 | O59: =AVERAGE(E10:E59) -> 134.7886 | Q59: =Q58+(2/13)*(E59-Q58) -> 137.84925 | R59: =R58+(2/27)*(E59-R58) -> 136.38992 | S59: =Q59-R59 -> 1.4593364 | T59: =T58+(2/10)*(S59-T58) -> 0.81341809 | U59: =S59-T59 -> 0.64591831 | V59: =IF(M59="","",IF(M59<Assumptions!$B$5,"BUY",IF(M59>Assumptions!$B$4,"SELL","HOLD"))) -> HOLD | W59: =IF(O59="","",IF(E59>O59,"BUY","SELL")) -> BUY | X59: =IF(T59="","",IF(S59>T59,"BUY","SELL")) -> BUY | Y59: =IF(OR(V59="",W59="",X59=""),"",IFERROR(IF(V59="BUY",1,IF(V59="SELL",-1,0))+IF(W59="BUY",1,IF(W59="SELL",-1,0))+IF(X59="BUY",1,IF(X59="SELL",-1,0)),0)) -> 2 | Z59: =IF(Y59="","",IF(Y59>=2,"STRONG BUY",IF(Y59=1,"BUY",IF(Y59=0,"HOLD",IF(Y59=-1,"SELL","STRONG SELL"))))) -> STRONG BUY
A60: 45852 | B60: 139.62 | C60: 139.73 | D60: 139.37 | E60: 139.55 | F60: 12242327 | G60: =E60-E59 -> -3.44 | H60: =G60/E59 -> -0.024057626 | I60: =MAX(G60,0) -> 0 | J60: =MAX(-G60,0) -> 3.44 | K60: =(K59*13+I60)/14 -> 1.0728397 | L60: =(L59*13+J60)/14 -> 0.83997381 | M60: =IF(L60=0,100,100-100/(1+K60/MAX(L60,0.000001))) -> 56.086999 | N60: =AVERAGE(E41:E60) -> 136.8325 | O60: =AVERAGE(E11:E60) -> 134.7234 | Q60: =Q59+(2/13)*(E60-Q59) -> 138.11091 | R60: =R59+(2/27)*(E60-R59) -> 136.624 | S60: =Q60-R60 -> 1.4869094 | T60: =T59+(2/10)*(S60-T59) -> 0.94811636 | U60: =S60-T60 -> 0.53879307 | V60: =IF(M60="","",IF(M60<Assumptions!$B$5,"BUY",IF(M60>Assumptions!$B$4,"SELL","HOLD"))) -> HOLD | W60: =IF(O60="","",IF(E60>O60,"BUY","SELL")) -> BUY | X60: =IF(T60="","",IF(S60>T60,"BUY","SELL")) -> BUY | Y60: =IF(OR(V60="",W60="",X60=""),"",IFERROR(IF(V60="BUY",1,IF(V60="SELL",-1,0))+IF(W60="BUY",1,IF(W60="SELL",-1,0))+IF(X60="BUY",1,IF(X60="SELL",-1,0)),0)) -> 2 | Z60: =IF(Y60="","",IF(Y60>=2,"STRONG BUY",IF(Y60=1,"BUY",IF(Y60=0,"HOLD",IF(Y60=-1,"SELL","STRONG SELL"))))) -> STRONG BUY
A61: 45853 | B61: 140.12 | C61: 140.93 | D61: 139.53 | E61: 140.23 | F61: 17153135 | G61: =E61-E60 -> 0.68 | H61: =G61/E60 -> 0.0048728054 | I61: =MAX(G61,0) -> 0.68 | J61: =MAX(-G61,0) -> 0 | K61: =(K60*13+I61)/14 -> 1.0447797 | L61: =(L60*13+J61)/14 -> 0.77997568 | M61: =IF(L61=0,100,100-100/(1+K61/MAX(L61,0.000001))) -> 57.255877 | N61: =AVERAGE(E42:E61) -> 137.2605 | O61: =AVERAGE(E12:E61) -> 134.6596 | Q61: =Q60+(2/13)*(E61-Q60) -> 138.43692 | R61: =R60+(2/27)*(E61-R60) -> 136.89111 | S61: =Q61-R61 -> 1.5458124 | T61: =T60+(2/10)*(S61-T60) -> 1.0676556 | U61: =S61-T61 -> 0.47815684 | V61: =IF(M61="","",IF(M61<Assumptions!$B$5,"BUY",IF(M61>Assumptions!$B$4,"SELL","HOLD"))) -> HOLD | W61: =IF(O61="","",IF(E61>O61,"BUY","SELL")) -> BUY | X61: =IF(T61="","",IF(S61>T61,"BUY","SELL")) -> BUY | Y61: =IF(OR(V61="",W61="",X61=""),"",IFERROR(IF(V61="BUY",1,IF(V61="SELL",-1,0))+IF(W61="BUY",1,IF(W61="SELL",-1,0))+IF(X61="BUY",1,IF(X61="SELL",-1,0)),0)) -> 2 | Z61: =IF(Y61="","",IF(Y61>=2,"STRONG BUY",IF(Y61=1,"BUY",IF(Y61=0,"HOLD",IF(Y61=-1,"SELL","STRONG SELL"))))) -> STRONG BUY
A62: 45854 | B62: 142.22 | C62: 142.22 | D62: 141.3 | E62: 141.76 | F62: 11663655 | G62: =E62-E61 -> 1.53 | H62: =G62/E61 -> 0.010910647 | I62: =MAX(G62,0) -> 1.53 | J62: =MAX(-G62,0) -> 0 | K62: =(K61*13+I62)/14 -> 1.0794383 | L62: =(L61*13+J62)/14 -> 0.72426313 | M62: =IF(L62=0,100,100-100/(1+K62/MAX(L62,0.000001))) -> 59.84573 | N62: =AVERAGE(E43:E62) -> 137.7225 | O62: =AVERAGE(E13:E62) -> 134.6444 | Q62: =Q61+(2/13)*(E62-Q61) -> 138.94816 | R62: =R61+(2/27)*(E62-R61) -> 137.25177 | S62: =Q62-R62 -> 1.6963967 | T62: =T61+(2/10)*(S62-T61) -> 1.1934038 | U62: =S62-T62 -> 0.50299287 | V62: =IF(M62="","",IF(M62<Assumptions!$B$5,"BUY",IF(M62>Assumptions!$B$4,"SELL","HOLD"))) -> HOLD | W62: =IF(O62="","",IF(E62>O62,"BUY","SELL")) -> BUY | X62: =IF(T62="","",IF(S62>T62,"BUY","SELL")) -> BUY | Y62: =IF(OR(V62="",W62="",X62=""),"",IFERROR(IF(V62="BUY",1,IF(V62="SELL",-1,0))+IF(W62="BUY",1,IF(W62="SELL",-1,0))+IF(X62="BUY",1,IF(X62="SELL",-1,0)),0)) -> 2 | Z62: =IF(Y62="","",IF(Y62>=2,"STRONG BUY",IF(Y62=1,"BUY",IF(Y62=0,"HOLD",IF(Y62=-1,"SELL","STRONG SELL"))))) -> STRONG BUY
A63: 45855 | B63: 140.61 | C63: 142.31 | D63: 139.43 | E63: 140.87 | F63: 11367152 | G63: =E63-E62 -> -0.89 | H63: =G63/E62 -> -0.0062782167 | I63: =MAX(G63,0) -> 0 | J63: =MAX(-G63,0) -> 0.89 | K63: =(K62*13+I63)/14 -> 1.0023355 | L63: =(L62*13+J63)/14 -> 0.73610148 | M63: =IF(L63=0,100,100-100/(1+K63/MAX(L63,0.000001))) -> 57.657283 | N63: =AVERAGE(E44:E63) -> 138.1495 | O63: =AVERAGE(E14:E63) -> 134.5554 | Q63: =Q62+(2/13)*(E63-Q62) -> 139.24383 | R63: =R62+(2/27)*(E63-R62) -> 137.51979 | S63: =Q63-R63 -> 1.7240465 | T63: =T62+(2/10)*(S63-T62) -> 1.2995323 | U63: =S63-T63 -> 0.42451413 | V63: =IF(M63="","",IF(M63<Assumptions!$B$5,"BUY",IF(M63>Assumptions!$B$4,"SELL","HOLD"))) -> HOLD | W63: =IF(O63="","",IF(E63>O63,"BUY","SELL")) -> BUY | X63: =IF(T63="","",IF(S63>T63,"BUY","SELL")) -> BUY | Y63: =IF(OR(V63="",W63="",X63=""),"",IFERROR(IF(V63="BUY",1,IF(V63="SELL",-1,0))+IF(W63="BUY",1,IF(W63="SELL",-1,0))+IF(X63="BUY",1,IF(X63="SELL",-1,0)),0)) -> 2 | Z63: =IF(Y63="","",IF(Y63>=2,"STRONG BUY",IF(Y63=1,"BUY",IF(Y63=0,"HOLD",IF(Y63=-1,"SELL","STRONG SELL"))))) -> STRONG BUY
... A201: 46049 | B201: 159.16 | C201: 159.83 | D201: 158.85 | E201: 159.34 | F201: 16155643 | G201: =E201-E200 -> 1.48 | H201: =G201/E200 -> 0.0093753959 | I201: =MAX(G201,0) -> 1.48 | J201: =MAX(-G201,0) -> 0 | K201: =(K200*13+I201)/14 -> 1.1082894 | L201: =(L200*13+J201)/14 -> 0.7127118 | M201: =IF(L201=0,100,100-100/(1+K201/MAX(L201,0.000001))) -> 60.861542 | N201: =AVERAGE(E182:E201) -> 155.7805 | O201: =AVERAGE(E152:E201) -> 148.6346 | Q201: =Q200+(2/13)*(E201-Q200) -> 157.18098 | R201: =R200+(2/27)*(E201-R200) -> 154.39753 | S201: =Q201-R201 -> 2.783448 | T201: =T200+(2/10)*(S201-T200) -> 3.0201419 | U201: =S201-T201 -> -0.23669388 | V201: =IF(M201="","",IF(M201<Assumptions!$B$5,"BUY",IF(M201>Assumptions!$B$4,"SELL","HOLD"))) -> HOLD | W201: =IF(O201="","",IF(E201>O201,"BUY","SELL")) -> BUY | X201: =IF(T201="","",IF(S201>T201,"BUY","SELL")) -> SELL | Y201: =IF(OR(V201="",W201="",X201=""),"",IFERROR(IF(V201="BUY",1,IF(V201="SELL",-1,0))+IF(W201="BUY",1,IF(W201="SELL",-1,0))+IF(X201="BUY",1,IF(X201="SELL",-1,0)),0)) -> 0 | Z201: =IF(Y201="","",IF(Y201>=2,"STRONG BUY",IF(Y201=1,"BUY",IF(Y201=0,"HOLD",IF(Y201=-1,"SELL","STRONG SELL"))))) -> HOLD
A202: 46050 | B202: 160.26 | C202: 160.65 | D202: 160.01 | E202: 160.33 | F202: 11575539 | G202: =E202-E201 -> 0.99 | H202: =G202/E201 -> 0.0062131292 | I202: =MAX(G202,0) -> 0.99 | J202: =MAX(-G202,0) -> 0 | K202: =(K201*13+I202)/14 -> 1.0998402 | L202: =(L201*13+J202)/14 -> 0.66180382 | M202: =IF(L202=0,100,100-100/(1+K202/MAX(L202,0.000001))) -> 62.432602 | N202: =AVERAGE(E183:E202) -> 156.073 | O202: =AVERAGE(E153:E202) -> 149.1384 | P202: =AVERAGE(E3:E202) -> 140.5293 | Q202: =Q201+(2/13)*(E202-Q201) -> 157.66545 | R202: =R201+(2/27)*(E202-R201) -> 154.83698 | S202: =Q202-R202 -> 2.8284704 | T202: =T201+(2/10)*(S202-T201) -> 2.9818076 | U202: =S202-T202 -> -0.1533372 | V202: =IF(M202="","",IF(M202<Assumptions!$B$5,"BUY",IF(M202>Assumptions!$B$4,"SELL","HOLD"))) -> HOLD | W202: =IF(O202="","",IF(E202>O202,"BUY","SELL")) -> BUY | X202: =IF(T202="","",IF(S202>T202,"BUY","SELL")) -> SELL | Y202: =IF(OR(V202="",W202="",X202=""),"",IFERROR(IF(V202="BUY",1,IF(V202="SELL",-1,0))+IF(W202="BUY",1,IF(W202="SELL",-1,0))+IF(X202="BUY",1,IF(X202="SELL",-1,0)),0)) -> 0 | Z202: =IF(Y202="","",IF(Y202>=2,"STRONG BUY",IF(Y202=1,"BUY",IF(Y202=0,"HOLD",IF(Y202=-1,"SELL","STRONG SELL"))))) -> HOLD
A203: 46051 | B203: 157.64 | C203: 157.73 | D203: 156.73 | E203: 157.23 | F203: 20292671 | G203: =E203-E202 -> -3.1 | H203: =G203/E202 -> -0.019335121 | I203: =MAX(G203,0) -> 0 | J203: =MAX(-G203,0) -> 3.1 | K203: =(K202*13+I203)/14 -> 1.0212802 | L203: =(L202*13+J203)/14 -> 0.83596069 | M203: =IF(L203=0,100,100-100/(1+K203/MAX(L203,0.000001))) -> 54.989107 | N203: =AVERAGE(E184:E203) -> 156.215 | O203: =AVERAGE(E154:E203) -> 149.5736 | P203: =AVERAGE(E4:E203) -> 140.57545 | Q203: =Q202+(2/13)*(E203-Q202) -> 157.59845 | R203: =R202+(2/27)*(E203-R202) -> 155.01424 | S203: =Q203-R203 -> 2.5842176 | T203: =T202+(2/10)*(S203-T202) -> 2.9022896 | U203: =S203-T203 -> -0.31807199 | V203: =IF(M203="","",IF(M203<Assumptions!$B$5,"BUY",IF(M203>Assumptions!$B$4,"SELL","HOLD"))) -> HOLD | W203: =IF(O203="","",IF(E203>O203,"BUY","SELL")) -> BUY | X203: =IF(T203="","",IF(S203>T203,"BUY","SELL")) -> SELL | Y203: =IF(OR(V203="",W203="",X203=""),"",IFERROR(IF(V203="BUY",1,IF(V203="SELL",-1,0))+IF(W203="BUY",1,IF(W203="SELL",-1,0))+IF(X203="BUY",1,IF(X203="SELL",-1,0)),0)) -> 0 | Z203: =IF(Y203="","",IF(Y203>=2,"STRONG BUY",IF(Y203=1,"BUY",IF(Y203=0,"HOLD",IF(Y203=-1,"SELL","STRONG SELL"))))) -> HOLD
A204: 46052 | B204: 158.14 | C204: 159.6 | D204: 156.96 | E204: 158.28 | F204: 14406695 | G204: =E204-E203 -> 1.05 | H204: =G204/E203 -> 0.0066781149 | I204: =MAX(G204,0) -> 1.05 | J204: =MAX(-G204,0) -> 0 | K204: =(K203*13+I204)/14 -> 1.0233316 | L204: =(L203*13+J204)/14 -> 0.77624921 | M204: =IF(L204=0,100,100-100/(1+K204/MAX(L204,0.000001))) -> 56.864998 | N204: =AVERAGE(E185:E204) -> 156.5835 | O204: =AVERAGE(E155:E204) -> 149.9792 | P204: =AVERAGE(E5:E204) -> 140.6249 | Q204: =Q203+(2/13)*(E204-Q203) -> 157.70331 | R204: =R203+(2/27)*(E204-R203) -> 155.25615 | S204: =Q204-R204 -> 2.4471624 | T204: =T203+(2/10)*(S204-T203) -> 2.8112642 | U204: =S204-T204 -> -0.36410178 | V204: =IF(M204="","",IF(M204<Assumptions!$B$5,"BUY",IF(M204>Assumptions!$B$4,"SELL","HOLD"))) -> HOLD | W204: =IF(O204="","",IF(E204>O204,"BUY","SELL")) -> BUY | X204: =IF(T204="","",IF(S204>T204,"BUY","SELL")) -> SELL | Y204: =IF(OR(V204="",W204="",X204=""),"",IFERROR(IF(V204="BUY",1,IF(V204="SELL",-1,0))+IF(W204="BUY",1,IF(W204="SELL",-1,0))+IF(X204="BUY",1,IF(X204="SELL",-1,0)),0)) -> 0 | Z204: =IF(Y204="","",IF(Y204>=2,"STRONG BUY",IF(Y204=1,"BUY",IF(Y204=0,"HOLD",IF(Y204=-1,"SELL","STRONG SELL"))))) -> HOLD
A205: 46055 | B205: 159.99 | C205: 160.49 | D205: 157.27 | E205: 158.88 | F205: 11512344 | G205: =E205-E204 -> 0.6 | H205: =G205/E204 -> 0.0037907506 | I205: =MAX(G205,0) -> 0.6 | J205: =MAX(-G205,0) -> 0 | K205: =(K204*13+I205)/14 -> 0.99309361 | L205: =(L204*13+J205)/14 -> 0.72080284 | M205: =IF(L205=0,100,100-100/(1+K205/MAX(L205,0.000001))) -> 57.943618 | N205: =AVERAGE(E186:E205) -> 156.9085 | O205: =AVERAGE(E156:E205) -> 150.4512 | P205: =AVERAGE(E6:E205) -> 140.68545 | Q205: =Q204+(2/13)*(E205-Q204) -> 157.88434 | R205: =R204+(2/27)*(E205-R204) -> 155.52458 | S205: =Q205-R205 -> 2.3597583 | T205: =T204+(2/10)*(S205-T204) -> 2.720963 | U205: =S205-T205 -> -0.3612047 | V205: =IF(M205="","",IF(M205<Assumptions!$B$5,"BUY",IF(M205>Assumptions!$B$4,"SELL","HOLD"))) -> HOLD | W205: =IF(O205="","",IF(E205>O205,"BUY","SELL")) -> BUY | X205: =IF(T205="","",IF(S205>T205,"BUY","SELL")) -> SELL | Y205: =IF(OR(V205="",W205="",X205=""),"",IFERROR(IF(V205="BUY",1,IF(V205="SELL",-1,0))+IF(W205="BUY",1,IF(W205="SELL",-1,0))+IF(X205="BUY",1,IF(X205="SELL",-1,0)),0)) -> 0 | Z205: =IF(Y205="","",IF(Y205>=2,"STRONG BUY",IF(Y205=1,"BUY",IF(Y205=0,"HOLD",IF(Y205=-1,"SELL","STRONG SELL"))))) -> HOLD
A206: 46056 | B206: 158.82 | C206: 158.95 | D206: 157.45 | E206: 158.2 | F206: 2768368 | G206: =E206-E205 -> -0.68 | H206: =G206/E205 -> -0.0042799597 | I206: =MAX(G206,0) -> 0 | J206: =MAX(-G206,0) -> 0.68 | K206: =(K205*13+I206)/14 -> 0.92215835 | L206: =(L205*13+J206)/14 -> 0.71788835 | M206: =IF(L206=0,100,100-100/(1+K206/MAX(L206,0.000001))) -> 56.227567 | N206: =AVERAGE(E187:E206) -> 157.2895 | O206: =AVERAGE(E157:E206) -> 150.92 | P206: =AVERAGE(E7:E206) -> 140.7472 | Q206: =Q205+(2/13)*(E206-Q205) -> 157.9329 | R206: =R205+(2/27)*(E206-R205) -> 155.72276 | S206: =Q206-R206 -> 2.2101424 | T206: =T205+(2/10)*(S206-T205) -> 2.6187989 | U206: =S206-T206 -> -0.40865644 | V206: =IF(M206="","",IF(M206<Assumptions!$B$5,"BUY",IF(M206>Assumptions!$B$4,"SELL","HOLD"))) -> HOLD | W206: =IF(O206="","",IF(E206>O206,"BUY","SELL")) -> BUY | X206: =IF(T206="","",IF(S206>T206,"BUY","SELL")) -> SELL | Y206: =IF(OR(V206="",W206="",X206=""),"",IFERROR(IF(V206="BUY",1,IF(V206="SELL",-1,0))+IF(W206="BUY",1,IF(W206="SELL",-1,0))+IF(X206="BUY",1,IF(X206="SELL",-1,0)),0)) -> 0 | Z206: =IF(Y206="","",IF(Y206>=2,"STRONG BUY",IF(Y206=1,"BUY",IF(Y206=0,"HOLD",IF(Y206=-1,"SELL","STRONG SELL"))))) -> HOLD
A207: 46057 | B207: 155.21 | C207: 155.61 | D207: 155.21 | E207: 155.41 | F207: 11937375 | G207: =E207-E206 -> -2.79 | H207: =G207/E206 -> -0.017635904 | I207: =MAX(G207,0) -> 0 | J207: =MAX(-G207,0) -> 2.79 | K207: =(K206*13+I207)/14 -> 0.8562899 | L207: =(L206*13+J207)/14 -> 0.86589632 | M207: =IF(L207=0,100,100-100/(1+K207/MAX(L207,0.000001))) -> 49.721098 | N207: =AVERAGE(E188:E207) -> 157.388 | O207: =AVERAGE(E158:E207) -> 151.331 | P207: =AVERAGE(E8:E207) -> 140.7922 | Q207: =Q206+(2/13)*(E207-Q206) -> 157.54476 | R207: =R206+(2/27)*(E207-R206) -> 155.69959 | S207: =Q207-R207 -> 1.8451711 | T207: =T206+(2/10)*(S207-T206) -> 2.4640733 | U207: =S207-T207 -> -0.61890219 | V207: =IF(M207="","",IF(M207<Assumptions!$B$5,"BUY",IF(M207>Assumptions!$B$4,"SELL","HOLD"))) -> HOLD | W207: =IF(O207="","",IF(E207>O207,"BUY","SELL")) -> BUY | X207: =IF(T207="","",IF(S207>T207,"BUY","SELL")) -> SELL | Y207: =IF(OR(V207="",W207="",X207=""),"",IFERROR(IF(V207="BUY",1,IF(V207="SELL",-1,0))+IF(W207="BUY",1,IF(W207="SELL",-1,0))+IF(X207="BUY",1,IF(X207="SELL",-1,0)),0)) -> 0 | Z207: =IF(Y207="","",IF(Y207>=2,"STRONG BUY",IF(Y207=1,"BUY",IF(Y207=0,"HOLD",IF(Y207=-1,"SELL","STRONG SELL"))))) -> HOLD
A208: 46058 | B208: 155.66 | C208: 155.66 | D208: 154.96 | E208: 155.31 | F208: 13727576 | G208: =E208-E207 -> -0.1 | H208: =G208/E207 -> -0.00064345924 | I208: =MAX(G208,0) -> 0 | J208: =MAX(-G208,0) -> 0.1 | K208: =(K207*13+I208)/14 -> 0.79512633 | L208: =(L207*13+J208)/14 -> 0.81118944 | M208: =IF(L208=0,100,100-100/(1+K208/MAX(L208,0.000001))) -> 49.500001 | N208: =AVERAGE(E189:E208) -> 157.384 | O208: =AVERAGE(E159:E208) -> 151.6674 | P208: =AVERAGE(E9:E208) -> 140.8479 | Q208: =Q207+(2/13)*(E208-Q207) -> 157.20095 | R208: =R207+(2/27)*(E208-R207) -> 155.67073 | S208: =Q208-R208 -> 1.5302202 | T208: =T207+(2/10)*(S208-T207) -> 2.2773027 | U208: =S208-T208 -> -0.74708253 | V208: =IF(M208="","",IF(M208<Assumptions!$B$5,"BUY",IF(M208>Assumptions!$B$4,"SELL","HOLD"))) -> HOLD | W208: =IF(O208="","",IF(E208>O208,"BUY","SELL")) -> BUY | X208: =IF(T208="","",IF(S208>T208,"BUY","SELL")) -> SELL | Y208: =IF(OR(V208="",W208="",X208=""),"",IFERROR(IF(V208="BUY",1,IF(V208="SELL",-1,0))+IF(W208="BUY",1,IF(W208="SELL",-1,0))+IF(X208="BUY",1,IF(X208="SELL",-1,0)),0)) -> 0 | Z208: =IF(Y208="","",IF(Y208>=2,"STRONG BUY",IF(Y208=1,"BUY",IF(Y208=0,"HOLD",IF(Y208=-1,"SELL","STRONG SELL"))))) -> HOLD
A209: 46059 | B209: 153.62 | C209: 155.5 | D209: 151.66 | E209: 153.58 | F209: 10563903 | G209: =E209-E208 -> -1.73 | H209: =G209/E208 -> -0.011139012 | I209: =MAX(G209,0) -> 0 | J209: =MAX(-G209,0) -> 1.73 | K209: =(K208*13+I209)/14 -> 0.73833159 | L209: =(L208*13+J209)/14 -> 0.87681877 | M209: =IF(L209=0,100,100-100/(1+K209/MAX(L209,0.000001))) -> 45.71287 | N209: =AVERAGE(E190:E209) -> 157.321 | O209: =AVERAGE(E160:E209) -> 151.9318 | P209: =AVERAGE(E10:E209) -> 140.8838 | Q209: =Q208+(2/13)*(E209-Q208) -> 156.64388 | R209: =R208+(2/27)*(E209-R208) -> 155.51586 | S209: =Q209-R209 -> 1.1280196 | T209: =T208+(2/10)*(S209-T208) -> 2.0474461 | U209: =S209-T209 -> -0.91942648 | V209: =IF(M209="","",IF(M209<Assumptions!$B$5,"BUY",IF(M209>Assumptions!$B$4,"SELL","HOLD"))) -> HOLD | W209: =IF(O209="","",IF(E209>O209,"BUY","SELL")) -> BUY | X209: =IF(T209="","",IF(S209>T209,"BUY","SELL")) -> SELL | Y209: =IF(OR(V209="",W209="",X209=""),"",IFERROR(IF(V209="BUY",1,IF(V209="SELL",-1,0))+IF(W209="BUY",1,IF(W209="SELL",-1,0))+IF(X209="BUY",1,IF(X209="SELL",-1,0)),0)) -> 0 | Z209: =IF(Y209="","",IF(Y209>=2,"STRONG BUY",IF(Y209=1,"BUY",IF(Y209=0,"HOLD",IF(Y209=-1,"SELL","STRONG SELL"))))) -> HOLD
A210: 46062 | B210: 153.72 | C210: 154.89 | D210: 152.63 | E210: 153.76 | F210: 13756500 | G210: =E210-E209 -> 0.18 | H210: =G210/E209 -> 0.0011720276 | I210: =MAX(G210,0) -> 0.18 | J210: =MAX(-G210,0) -> 0 | K210: =(K209*13+I210)/14 -> 0.69845077 | L210: =(L209*13+J210)/14 -> 0.81418886 | M210: =IF(L210=0,100,100-100/(1+K210/MAX(L210,0.000001))) -> 46.174301 | N210: =AVERAGE(E191:E210) -> 157.2625 | O210: =AVERAGE(E161:E210) -> 152.1614 | P210: =AVERAGE(E11:E210) -> 140.93855 | Q210: =Q209+(2/13)*(E210-Q209) -> 156.20021 | R210: =R209+(2/27)*(E210-R209) -> 155.3858 | S210: =Q210-R210 -> 0.81440924 | T210: =T209+(2/10)*(S210-T209) -> 1.8008387 | U210: =S210-T210 -> -0.98642946 | V210: =IF(M210="","",IF(M210<Assumptions!$B$5,"BUY",IF(M210>Assumptions!$B$4,"SELL","HOLD"))) -> HOLD | W210: =IF(O210="","",IF(E210>O210,"BUY","SELL")) -> BUY | X210: =IF(T210="","",IF(S210>T210,"BUY","SELL")) -> SELL | Y210: =IF(OR(V210="",W210="",X210=""),"",IFERROR(IF(V210="BUY",1,IF(V210="SELL",-1,0))+IF(W210="BUY",1,IF(W210="SELL",-1,0))+IF(X210="BUY",1,IF(X210="SELL",-1,0)),0)) -> 0 | Z210: =IF(Y210="","",IF(Y210>=2,"STRONG BUY",IF(Y210=1,"BUY",IF(Y210=0,"HOLD",IF(Y210=-1,"SELL","STRONG SELL"))))) -> HOLD
A211: 46063 | B211: 154.18 | C211: 157.54 | D211: 150.26 | E211: 153.9 | F211: 11685975 | G211: =E211-E210 -> 0.14 | H211: =G211/E210 -> 0.00091050989 | I211: =MAX(G211,0) -> 0.14 | J211: =MAX(-G211,0) -> 0 | K211: =(K210*13+I211)/14 -> 0.65856142 | L211: =(L210*13+J211)/14 -> 0.75603251 | M211: =IF(L211=0,100,100-100/(1+K211/MAX(L211,0.000001))) -> 46.554803 | N211: =AVERAGE(E192:E211) -> 157.2345 | O211: =AVERAGE(E162:E211) -> 152.4216 | P211: =AVERAGE(E12:E211) -> 140.99095 | Q211: =Q210+(2/13)*(E211-Q210) -> 155.84633 | R211: =R210+(2/27)*(E211-R210) -> 155.27574 | S211: =Q211-R211 -> 0.5705902 | T211: =T210+(2/10)*(S211-T210) -> 1.554789 | U211: =S211-T211 -> -0.98419881 | V211: =IF(M211="","",IF(M211<Assumptions!$B$5,"BUY",IF(M211>Assumptions!$B$4,"SELL","HOLD"))) -> HOLD | W211: =IF(O211="","",IF(E211>O211,"BUY","SELL")) -> BUY | X211: =IF(T211="","",IF(S211>T211,"BUY","SELL")) -> SELL | Y211: =IF(OR(V211="",W211="",X211=""),"",IFERROR(IF(V211="BUY",1,IF(V211="SELL",-1,0))+IF(W211="BUY",1,IF(W211="SELL",-1,0))+IF(X211="BUY",1,IF(X211="SELL",-1,0)),0)) -> 0 | Z211: =IF(Y211="","",IF(Y211>=2,"STRONG BUY",IF(Y211=1,"BUY",IF(Y211=0,"HOLD",IF(Y211=-1,"SELL","STRONG SELL"))))) -> HOLD
A212: 46064 | B212: 152.84 | C212: 153.64 | D212: 152.84 | E212: 153.24 | F212: 15793235 | G212: =E212-E211 -> -0.66 | H212: =G212/E211 -> -0.004288499 | I212: =MAX(G212,0) -> 0 | J212: =MAX(-G212,0) -> 0.66 | K212: =(K211*13+I212)/14 -> 0.61152132 | L212: =(L211*13+J212)/14 -> 0.74917305 | M212: =IF(L212=0,100,100-100/(1+K212/MAX(L212,0.000001))) -> 44.941857 | N212: =AVERAGE(E193:E212) -> 157.2185 | O212: =AVERAGE(E163:E212) -> 152.5846 | P212: =AVERAGE(E13:E212) -> 141.04455 | Q212: =Q211+(2/13)*(E212-Q211) -> 155.44536 | R212: =R211+(2/27)*(E212-R211) -> 155.12494 | S212: =Q212-R212 -> 0.32041186 | T212: =T211+(2/10)*(S212-T211) -> 1.3079136 | U212: =S212-T212 -> -0.98750172 | V212: =IF(M212="","",IF(M212<Assumptions!$B$5,"BUY",IF(M212>Assumptions!$B$4,"SELL","HOLD"))) -> HOLD | W212: =IF(O212="","",IF(E212>O212,"BUY","SELL")) -> BUY | X212: =IF(T212="","",IF(S212>T212,"BUY","SELL")) -> SELL | Y212: =IF(OR(V212="",W212="",X212=""),"",IFERROR(IF(V212="BUY",1,IF(V212="SELL",-1,0))+IF(W212="BUY",1,IF(W212="SELL",-1,0))+IF(X212="BUY",1,IF(X212="SELL",-1,0)),0)) -> 0 | Z212: =IF(Y212="","",IF(Y212>=2,"STRONG BUY",IF(Y212=1,"BUY",IF(Y212=0,"HOLD",IF(Y212=-1,"SELL","STRONG SELL"))))) -> HOLD
A213: 46065 | B213: 156.92 | C213: 156.92 | D213: 153.12 | E213: 155.02 | F213: 16847307 | G213: =E213-E212 -> 1.78 | H213: =G213/E212 -> 0.011615766 | I213: =MAX(G213,0) -> 1.78 | J213: =MAX(-G213,0) -> 0 | K213: =(K212*13+I213)/14 -> 0.69498409 | L213: =(L212*13+J213)/14 -> 0.69566068 | M213: =IF(L213=0,100,100-100/(1+K213/MAX(L213,0.000001))) -> 49.975673 | N213: =AVERAGE(E194:E213) -> 156.975 | O213: =AVERAGE(E164:E213) -> 152.765 | P213: =AVERAGE(E14:E213) -> 141.09305 | Q213: =Q212+(2/13)*(E213-Q212) -> 155.37992 | R213: =R212+(2/27)*(E213-R212) -> 155.11717 | S213: =Q213-R213 -> 0.26274607 | T213: =T212+(2/10)*(S213-T212) -> 1.0988801 | U213: =S213-T213 -> -0.836134 | V213: =IF(M213="","",IF(M213<Assumptions!$B$5,"BUY",IF(M213>Assumptions!$B$4,"SELL","HOLD"))) -> HOLD | W213: =IF(O213="","",IF(E213>O213,"BUY","SELL")) -> BUY | X213: =IF(T213="","",IF(S213>T213,"BUY","SELL")) -> SELL | Y213: =IF(OR(V213="",W213="",X213=""),"",IFERROR(IF(V213="BUY",1,IF(V213="SELL",-1,0))+IF(W213="BUY",1,IF(W213="SELL",-1,0))+IF(X213="BUY",1,IF(X213="SELL",-1,0)),0)) -> 0 | Z213: =IF(Y213="","",IF(Y213>=2,"STRONG BUY",IF(Y213=1,"BUY",IF(Y213=0,"HOLD",IF(Y213=-1,"SELL","STRONG SELL"))))) -> HOLD
... A254: 46122 | B254: 176.13 | C254: 176.37 | D254: 175.85 | E254: 176.11 | F254: 14359091 | G254: =E254-E253 -> -0.98 | H254: =G254/E253 -> -0.0055339093 | I254: =MAX(G254,0) -> 0 | J254: =MAX(-G254,0) -> 0.98 | K254: =(K253*13+I254)/14 -> 0.86811012 | L254: =(L253*13+J254)/14 -> 0.78975533 | M254: =IF(L254=0,100,100-100/(1+K254/MAX(L254,0.000001))) -> 52.363123 | N254: =AVERAGE(E235:E254) -> 177.406 | O254: =AVERAGE(E205:E254) -> 167.6362 | P254: =AVERAGE(E55:E254) -> 148.65285 | Q254: =Q253+(2/13)*(E254-Q253) -> 178.60131 | R254: =R253+(2/27)*(E254-R253) -> 175.34596 | S254: =Q254-R254 -> 3.2553517 | T254: =T253+(2/10)*(S254-T253) -> 4.0506666 | U254: =S254-T254 -> -0.79531496 | V254: =IF(M254="","",IF(M254<Assumptions!$B$5,"BUY",IF(M254>Assumptions!$B$4,"SELL","HOLD"))) -> HOLD | W254: =IF(O254="","",IF(E254>O254,"BUY","SELL")) -> BUY | X254: =IF(T254="","",IF(S254>T254,"BUY","SELL")) -> SELL | Y254: =IF(OR(V254="",W254="",X254=""),"",IFERROR(IF(V254="BUY",1,IF(V254="SELL",-1,0))+IF(W254="BUY",1,IF(W254="SELL",-1,0))+IF(X254="BUY",1,IF(X254="SELL",-1,0)),0)) -> 0 | Z254: =IF(Y254="","",IF(Y254>=2,"STRONG BUY",IF(Y254=1,"BUY",IF(Y254=0,"HOLD",IF(Y254=-1,"SELL","STRONG SELL"))))) -> HOLD

Sheet AOT
A1: Thai SET Trading Model | AOT | Rule-Based Buy/Sell Signals
A2: Date | B2: Open | C2: High | D2: Low | E2: Close (THB) | F2: Volume | G2: Change | H2: % Change | I2: Gain | J2: Loss | K2: Avg Gain 14 | L2: Avg Loss 14 | M2: RSI (14) | N2: SMA 20 | O2: SMA 50 | P2: SMA 200 | Q2: EMA 12 | R2: EMA 26 | S2: MACD Line | T2: Signal Line | U2: Histogram | V2: RSI Signal | W2: MA Signal | X2: MACD Signal | Y2: Score | Z2: OVERALL
A3: 45771 | B3: 68.65 | C3: 68.72 | D3: 68.28 | E3: 68.5 | F3: 30321209
A4: 45772 | B4: 68.46 | C4: 68.94 | D4: 67.64 | E4: 68.29 | F4: 37053243 | G4: =E4-E3 -> -0.21 | H4: =G4/E3 -> -0.0030656934 | I4: =MAX(G4,0) -> 0 | J4: =MAX(-G4,0) -> 0.21
A5: 45775 | B5: 68.85 | C5: 68.85 | D5: 68.67 | E5: 68.76 | F5: 16123859 | G5: =E5-E4 -> 0.47 | H5: =G5/E4 -> 0.0068824132 | I5: =MAX(G5,0) -> 0.47 | J5: =MAX(-G5,0) -> 0
A6: 45776 | B6: 68.21 | C6: 68.91 | D6: 67.85 | E6: 68.38 | F6: 39432982 | G6: =E6-E5 -> -0.38 | H6: =G6/E5 -> -0.0055264689 | I6: =MAX(G6,0) -> 0 | J6: =MAX(-G6,0) -> 0.38
A7: 45777 | B7: 69.11 | C7: 69.11 | D7: 68.79 | E7: 68.95 | F7: 20332588 | G7: =E7-E6 -> 0.57 | H7: =G7/E6 -> 0.0083357707 | I7: =MAX(G7,0) -> 0.57 | J7: =MAX(-G7,0) -> 0
A8: 45778 | B8: 68.83 | C8: 70.16 | D8: 68.6 | E8: 69.38 | F8: 28231536 | G8: =E8-E7 -> 0.43 | H8: =G8/E7 -> 0.0062364032 | I8: =MAX(G8,0) -> 0.43 | J8: =MAX(-G8,0) -> 0
A9: 45779 | B9: 69.64 | C9: 70.85 | D9: 69.11 | E9: 69.98 | F9: 41554942 | G9: =E9-E8 -> 0.6 | H9: =G9/E8 -> 0.0086480254 | I9: =MAX(G9,0) -> 0.6 | J9: =MAX(-G9,0) -> 0
A10: 45782 | B10: 71.12 | C10: 71.9 | D10: 71.12 | E10: 71.51 | F10: 24947233 | G10: =E10-E9 -> 1.53 | H10: =G10/E9 -> 0.02186339 | I10: =MAX(G10,0) -> 1.53 | J10: =MAX(-G10,0) -> 0
A11: 45783 | B11: 71.37 | C11: 71.47 | D11: 70.95 | E11: 71.21 | F11: 41191063 | G11: =E11-E10 -> -0.3 | H11: =G11/E10 -> -0.0041952175 | I11: =MAX(G11,0) -> 0 | J11: =MAX(-G11,0) -> 0.3
A12: 45784 | B12: 69.66 | C12: 69.81 | D12: 69.27 | E12: 69.54 | F12: 29445360 | G12: =E12-E11 -> -1.67 | H12: =G12/E11 -> -0.023451762 | I12: =MAX(G12,0) -> 0 | J12: =MAX(-G12,0) -> 1.67
A13: 45785 | B13: 69.67 | C13: 69.93 | D13: 69.01 | E13: 69.47 | F13: 33059588 | G13: =E13-E12 -> -0.07 | H13: =G13/E12 -> -0.0010066149 | I13: =MAX(G13,0) -> 0 | J13: =MAX(-G13,0) -> 0.07
A14: 45786 | B14: 70.15 | C14: 70.59 | D14: 70.07 | E14: 70.33 | F14: 37687328 | G14: =E14-E13 -> 0.86 | H14: =G14/E13 -> 0.012379444 | I14: =MAX(G14,0) -> 0.86 | J14: =MAX(-G14,0) -> 0 | Q14: =AVERAGE(E3:E14) -> 69.525
A15: 45789 | B15: 70.27 | C15: 70.45 | D15: 70.27 | E15: 70.36 | F15: 21289255 | G15: =E15-E14 -> 0.03 | H15: =G15/E14 -> 0.0004265605 | I15: =MAX(G15,0) -> 0.03 | J15: =MAX(-G15,0) -> 0 | Q15: =Q14+(2/13)*(E15-Q14) -> 69.653462
A16: 45790 | B16: 70.68 | C16: 70.89 | D16: 70.51 | E16: 70.7 | F16: 24363755 | G16: =E16-E15 -> 0.34 | H16: =G16/E15 -> 0.0048322911 | I16: =MAX(G16,0) -> 0.34 | J16: =MAX(-G16,0) -> 0 | Q16: =Q15+(2/13)*(E16-Q15) -> 69.814467
A17: 45791 | B17: 69 | C17: 69 | D17: 68.8 | E17: 68.9 | F17: 32282456 | G17: =E17-E16 -> -1.8 | H17: =G17/E16 -> -0.025459689 | I17: =MAX(G17,0) -> 0 | J17: =MAX(-G17,0) -> 1.8 | K17: =AVERAGE(I4:I17) -> 0.345 | L17: =AVERAGE(J4:J17) -> 0.31642857 | M17: =IF(L17=0,100,100-100/(1+K17/MAX(L17,0.000001))) -> 52.159827 | Q17: =Q16+(2/13)*(E17-Q16) -> 69.67378 | V17: =IF(M17="","",IF(M17<Assumptions!$B$5,"BUY",IF(M17>Assumptions!$B$4,"SELL","HOLD"))) -> HOLD
A18: 45792 | B18: 67.59 | C18: 68.66 | D18: 67.44 | E18: 68.05 | F18: 25972476 | G18: =E18-E17 -> -0.85 | H18: =G18/E17 -> -0.01233672 | I18: =MAX(G18,0) -> 0 | J18: =MAX(-G18,0) -> 0.85 | K18: =(K17*13+I18)/14 -> 0.32035714 | L18: =(L17*13+J18)/14 -> 0.35454082 | M18: =IF(L18=0,100,100-100/(1+K18/MAX(L18,0.000001))) -> 47.467493 | Q18: =Q17+(2/13)*(E18-Q17) -> 69.423968 | V18: =IF(M18="","",IF(M18<Assumptions!$B$5,"BUY",IF(M18>Assumptions!$B$4,"SELL","HOLD"))) -> HOLD
A19: 45793 | B19: 68.81 | C19: 69.09 | D19: 68.13 | E19: 68.61 | F19: 19055706 | G19: =E19-E18 -> 0.56 | H19: =G19/E18 -> 0.0082292432 | I19: =MAX(G19,0) -> 0.56 | J19: =MAX(-G19,0) -> 0 | K19: =(K18*13+I19)/14 -> 0.33747449 | L19: =(L18*13+J19)/14 -> 0.32921647 | M19: =IF(L19=0,100,100-100/(1+K19/MAX(L19,0.000001))) -> 50.619329 | Q19: =Q18+(2/13)*(E19-Q18) -> 69.298742 | V19: =IF(M19="","",IF(M19<Assumptions!$B$5,"BUY",IF(M19>Assumptions!$B$4,"SELL","HOLD"))) -> HOLD
A20: 45796 | B20: 69.69 | C20: 69.73 | D20: 69.11 | E20: 69.42 | F20: 23140500 | G20: =E20-E19 -> 0.81 | H20: =G20/E19 -> 0.011805859 | I20: =MAX(G20,0) -> 0.81 | J20: =MAX(-G20,0) -> 0 | K20: =(K19*13+I20)/14 -> 0.37122631 | L20: =(L19*13+J20)/14 -> 0.30570101 | M20: =IF(L20=0,100,100-100/(1+K20/MAX(L20,0.000001))) -> 54.839907 | Q20: =Q19+(2/13)*(E20-Q19) -> 69.317397 | V20: =IF(M20="","",IF(M20<Assumptions!$B$5,"BUY",IF(M20>Assumptions!$B$4,"SELL","HOLD"))) -> HOLD
A21: 45797 | B21: 68.69 | C21: 68.92 | D21: 68.38 | E21: 68.65 | F21: 23970658 | G21: =E21-E20 -> -0.77 | H21: =G21/E20 -> -0.011091904 | I21: =MAX(G21,0) -> 0 | J21: =MAX(-G21,0) -> 0.77 | K21: =(K20*13+I21)/14 -> 0.34471015 | L21: =(L20*13+J21)/14 -> 0.33886522 | M21: =IF(L21=0,100,100-100/(1+K21/MAX(L21,0.000001))) -> 50.427526 | Q21: =Q20+(2/13)*(E21-Q20) -> 69.214721 | V21: =IF(M21="","",IF(M21<Assumptions!$B$5,"BUY",IF(M21>Assumptions!$B$4,"SELL","HOLD"))) -> HOLD
A22: 45798 | B22: 68.99 | C22: 69.09 | D22: 68.99 | E22: 69.04 | F22: 39885351 | G22: =E22-E21 -> 0.39 | H22: =G22/E21 -> 0.0056809905 | I22: =MAX(G22,0) -> 0.39 | J22: =MAX(-G22,0) -> 0 | K22: =(K21*13+I22)/14 -> 0.34794514 | L22: =(L21*13+J22)/14 -> 0.31466056 | M22: =IF(L22=0,100,100-100/(1+K22/MAX(L22,0.000001))) -> 52.511642 | N22: =AVERAGE(E3:E22) -> 69.4015 | Q22: =Q21+(2/13)*(E22-Q21) -> 69.187841 | V22: =IF(M22="","",IF(M22<Assumptions!$B$5,"BUY",IF(M22>Assumptions!$B$4,"SELL","HOLD"))) -> HOLD
A23: 45799 | B23: 68.53 | C23: 68.53 | D23: 68.09 | E23: 68.31 | F23: 20369526 | G23: =E23-E22 -> -0.73 | H23: =G23/E22 -> -0.010573581 | I23: =MAX(G23,0) -> 0 | J23: =MAX(-G23,0) -> 0.73 | K23: =(K22*13+I23)/14 -> 0.32309191 | L23: =(L22*13+J23)/14 -> 0.34432767 | M23: =IF(L23=0,100,100-100/(1+K23/MAX(L23,0.000001))) -> 48.409115 | N23: =AVERAGE(E4:E23) -> 69.392 | Q23: =Q22+(2/13)*(E23-Q22) -> 69.052788 | V23: =IF(M23="","",IF(M23<Assumptions!$B$5,"BUY",IF(M23>Assumptions!$B$4,"SELL","HOLD"))) -> HOLD
A24: 45800 | B24: 67.06 | C24: 67.37 | D24: 66.93 | E24: 67.15 | F24: 17461078 | G24: =E24-E23 -> -1.16 | H24: =G24/E23 -> -0.016981408 | I24: =MAX(G24,0) -> 0 | J24: =MAX(-G24,0) -> 1.16 | K24: =(K23*13+I24)/14 -> 0.30001392 | L24: =(L23*13+J24)/14 -> 0.40258998 | M24: =IF(L24=0,100,100-100/(1+K24/MAX(L24,0.000001))) -> 42.700293 | N24: =AVERAGE(E5:E24) -> 69.335 | Q24: =Q23+(2/13)*(E24-Q23) -> 68.760051 | V24: =IF(M24="","",IF(M24<Assumptions!$B$5,"BUY",IF(M24>Assumptions!$B$4,"SELL","HOLD"))) -> HOLD
A25: 45803 | B25: 67.42 | C25: 67.5 | D25: 66.96 | E25: 67.23 | F25: 20510077 | G25: =E25-E24 -> 0.08 | H25: =G25/E24 -> 0.0011913626 | I25: =MAX(G25,0) -> 0.08 | J25: =MAX(-G25,0) -> 0 | K25: =(K24*13+I25)/14 -> 0.28429864 | L25: =(L24*13+J25)/14 -> 0.37383355 | M25: =IF(L25=0,100,100-100/(1+K25/MAX(L25,0.000001))) -> 43.197802 | N25: =AVERAGE(E6:E25) -> 69.2585 | Q25: =Q24+(2/13)*(E25-Q24) -> 68.524659 | V25: =IF(M25="","",IF(M25<Assumptions!$B$5,"BUY",IF(M25>Assumptions!$B$4,"SELL","HOLD"))) -> HOLD
A26: 45804 | B26: 67.56 | C26: 67.59 | D26: 67.33 | E26: 67.46 | F26: 18414842 | G26: =E26-E25 -> 0.23 | H26: =G26/E25 -> 0.0034210918 | I26: =MAX(G26,0) -> 0.23 | J26: =MAX(-G26,0) -> 0 | K26: =(K25*13+I26)/14 -> 0.28042016 | L26: =(L25*13+J26)/14 -> 0.34713115 | M26: =IF(L26=0,100,100-100/(1+K26/MAX(L26,0.000001))) -> 44.684818 | N26: =AVERAGE(E7:E26) -> 69.2125 | Q26: =Q25+(2/13)*(E26-Q25) -> 68.360865 | V26: =IF(M26="","",IF(M26<Assumptions!$B$5,"BUY",IF(M26>Assumptions!$B$4,"SELL","HOLD"))) -> HOLD
A27: 45805 | B27: 68.04 | C27: 68.04 | D27: 67.7 | E27: 67.87 | F27: 18467457 | G27: =E27-E26 -> 0.41 | H27: =G27/E26 -> 0.0060776757 | I27: =MAX(G27,0) -> 0.41 | J27: =MAX(-G27,0) -> 0 | K27: =(K26*13+I27)/14 -> 0.28967587 | L27: =(L26*13+J27)/14 -> 0.32233607 | M27: =IF(L27=0,100,100-100/(1+K27/MAX(L27,0.000001))) -> 47.331735 | N27: =AVERAGE(E8:E27) -> 69.1585 | Q27: =Q26+(2/13)*(E27-Q26) -> 68.285348 | V27: =IF(M27="","",IF(M27<Assumptions!$B$5,"BUY",IF(M27>Assumptions!$B$4,"SELL","HOLD"))) -> HOLD
A28: 45806 | B28: 68.83 | C28: 68.83 | D28: 68.41 | E28: 68.62 | F28: 6394245 | G28: =E28-E27 -> 0.75 | H28: =G28/E27 -> 0.011050538 | I28: =MAX(G28,0) -> 0.75 | J28: =MAX(-G28,0) -> 0 | K28: =(K27*13+I28)/14 -> 0.32255616 | L28: =(L27*13+J28)/14 -> 0.29931207 | M28: =IF(L28=0,100,100-100/(1+K28/MAX(L28,0.000001))) -> 51.868892 | N28: =AVERAGE(E9:E28) -> 69.1205 | Q28: =Q27+(2/13)*(E28-Q27) -> 68.336833 | R28: =AVERAGE(E3:E28) -> 69.025769 | S28: =Q28-R28 -> -0.6889367 | V28: =IF(M28="","",IF(M28<Assumptions!$B$5,"BUY",IF(M28>Assumptions!$B$4,"SELL","HOLD"))) -> HOLD
A29: 45807 | B29: 70.88 | C29: 70.88 | D29: 69.88 | E29: 70.38 | F29: 21416455 | G29: =E29-E28 -> 1.76 | H29: =G29/E28 -> 0.025648499 | I29: =MAX(G29,0) -> 1.76 | J29: =MAX(-G29,0) -> 0 | K29: =(K28*13+I29)/14 -> 0.42523072 | L29: =(L28*13+J29)/14 -> 0.27793263 | M29: =IF(L29=0,100,100-100/(1+K29/MAX(L29,0.000001))) -> 60.473959 | N29: =AVERAGE(E10:E29) -> 69.1405 | Q29: =Q28+(2/13)*(E29-Q28) -> 68.651166 | R29: =R28+(2/27)*(E29-R28) -> 69.126083 | S29: =Q29-R29 -> -0.47491663 | V29: =IF(M29="","",IF(M29<Assumptions!$B$5,"BUY",IF(M29>Assumptions!$B$4,"SELL","HOLD"))) -> HOLD
A30: 45810 | B30: 71.61 | C30: 71.61 | D30: 71.19 | E30: 71.4 | F30: 18725927 | G30: =E30-E29 -> 1.02 | H30: =G30/E29 -> 0.014492754 | I30: =MAX(G30,0) -> 1.02 | J30: =MAX(-G30,0) -> 0 | K30: =(K29*13+I30)/14 -> 0.46771424 | L30: =(L29*13+J30)/14 -> 0.2580803 | M30: =IF(L30=0,100,100-100/(1+K30/MAX(L30,0.000001))) -> 64.441686 | N30: =AVERAGE(E11:E30) -> 69.135 | Q30: =Q29+(2/13)*(E30-Q29) -> 69.074064 | R30: =R29+(2/27)*(E30-R29) -> 69.294521 | S30: =Q30-R30 -> -0.22045742 | V30: =IF(M30="","",IF(M30<Assumptions!$B$5,"BUY",IF(M30>Assumptions!$B$4,"SELL","HOLD"))) -> HOLD
A31: 45811 | B31: 71.14 | C31: 71.27 | D31: 70.77 | E31: 71.02 | F31: 24336548 | G31: =E31-E30 -> -0.38 | H31: =G31/E30 -> -0.0053221289 | I31: =MAX(G31,0) -> 0 | J31: =MAX(-G31,0) -> 0.38 | K31: =(K30*13+I31)/14 -> 0.43430608 | L31: =(L30*13+J31)/14 -> 0.26678885 | M31: =IF(L31=0,100,100-100/(1+K31/MAX(L31,0.000001))) -> 61.946829 | N31: =AVERAGE(E12:E31) -> 69.1255 | Q31: =Q30+(2/13)*(E31-Q30) -> 69.373438 | R31: =R30+(2/27)*(E31-R30) -> 69.422334 | S31: =Q31-R31 -> -0.048895839 | V31: =IF(M31="","",IF(M31<Assumptions!$B$5,"BUY",IF(M31>Assumptions!$B$4,"SELL","HOLD"))) -> HOLD
A32: 45812 | B32: 72 | C32: 72.27 | D32: 71.81 | E32: 72.04 | F32: 13378882 | G32: =E32-E31 -> 1.02 | H32: =G32/E31 -> 0.014362152 | I32: =MAX(G32,0) -> 1.02 | J32: =MAX(-G32,0) -> 0 | K32: =(K31*13+I32)/14 -> 0.47614136 | L32: =(L31*13+J32)/14 -> 0.24773251 | M32: =IF(L32=0,100,100-100/(1+K32/MAX(L32,0.000001))) -> 65.776841 | N32: =AVERAGE(E13:E32) -> 69.2505 | Q32: =Q31+(2/13)*(E32-Q31) -> 69.783679 | R32: =R31+(2/27)*(E32-R31) -> 69.616235 | S32: =Q32-R32 -> 0.16744324 | V32: =IF(M32="","",IF(M32<Assumptions!$B$5,"BUY",IF(M32>Assumptions!$B$4,"SELL","HOLD"))) -> HOLD
A33: 45813 | B33: 70.68 | C33: 70.68 | D33: 70.28 | E33: 70.48 | F33: 23587301 | G33: =E33-E32 -> -1.56 | H33: =G33/E32 -> -0.021654636 | I33: =MAX(G33,0) -> 0 | J33: =MAX(-G33,0) -> 1.56 | K33: =(K32*13+I33)/14 -> 0.44213126 | L33: =(L32*13+J33)/14 -> 0.3414659 | M33: =IF(L33=0,100,100-100/(1+K33/MAX(L33,0.000001))) -> 56.423286 | N33: =AVERAGE(E14:E33) -> 69.301 | Q33: =Q32+(2/13)*(E33-Q32) -> 69.890805 | R33: =R32+(2/27)*(E33-R32) -> 69.680218 | S33: =Q33-R33 -> 0.21058704 | V33: =IF(M33="","",IF(M33<Assumptions!$B$5,"BUY",IF(M33>Assumptions!$B$4,"SELL","HOLD"))) -> HOLD
A34: 45814 | B34: 70.68 | C34: 70.68 | D34: 70.5 | E34: 70.59 | F34: 20290429 | G34: =E34-E33 -> 0.11 | H34: =G34/E33 -> 0.0015607264 | I34: =MAX(G34,0) -> 0.11 | J34: =MAX(-G34,0) -> 0 | K34: =(K33*13+I34)/14 -> 0.4184076 | L34: =(L33*13+J34)/14 -> 0.31707548 | M34: =IF(L34=0,100,100-100/(1+K34/MAX(L34,0.000001))) -> 56.888814 | N34: =AVERAGE(E15:E34) -> 69.314 | Q34: =Q33+(2/13)*(E34-Q33) -> 69.998373 | R34: =R33+(2/27)*(E34-R33) -> 69.747609 | S34: =Q34-R34 -> 0.25076424 | V34: =IF(M34="","",IF(M34<Assumptions!$B$5,"BUY",IF(M34>Assumptions!$B$4,"SELL","HOLD"))) -> HOLD
A35: 45817 | B35: 71.7 | C35: 71.85 | D35: 71.59 | E35: 71.72 | F35: 37880101 | G35: =E35-E34 -> 1.13 | H35: =G35/E34 -> 0.016007933 | I35: =MAX(G35,0) -> 1.13 | J35: =MAX(-G35,0) -> 0 | K35: =(K34*13+I35)/14 -> 0.46923563 | L35: =(L34*13+J35)/14 -> 0.29442723 | M35: =IF(L35=0,100,100-100/(1+K35/MAX(L35,0.000001))) -> 61.445391 | N35: =AVERAGE(E16:E35) -> 69.382 | Q35: =Q34+(2/13)*(E35-Q34) -> 70.263239 | R35: =R34+(2/27)*(E35-R34) -> 69.893712 | S35: =Q35-R35 -> 0.36952684 | V35: =IF(M35="","",IF(M35<Assumptions!$B$5,"BUY",IF(M35>Assumptions!$B$4,"SELL","HOLD"))) -> HOLD
A36: 45818 | B36: 72.44 | C36: 72.48 | D36: 72.44 | E36: 72.46 | F36: 23563706 | G36: =E36-E35 -> 0.74 | H36: =G36/E35 -> 0.010317903 | I36: =MAX(G36,0) -> 0.74 | J36: =MAX(-G36,0) -> 0 | K36: =(K35*13+I36)/14 -> 0.48857594 | L36: =(L35*13+J36)/14 -> 0.27339671 | M36: =IF(L36=0,100,100-100/(1+K36/MAX(L36,0.000001))) -> 64.119879 | N36: =AVERAGE(E17:E36) -> 69.47 | Q36: =Q35+(2/13)*(E36-Q35) -> 70.601202 | R36: =R35+(2/27)*(E36-R35) -> 70.083808 | S36: =Q36-R36 -> 0.51739467 | T36: =AVERAGE(S28:S36) -> 0.0091677172 | U36: =S36-T36 -> 0.50822696 | V36: =IF(M36="","",IF(M36<Assumptions!$B$5,"BUY",IF(M36>Assumptions!$B$4,"SELL","HOLD"))) -> HOLD | X36: =IF(T36="","",IF(S36>T36,"BUY","SELL")) -> BUY
A37: 45819 | B37: 73.2 | C37: 73.54 | D37: 73.2 | E37: 73.37 | F37: 16957758 | G37: =E37-E36 -> 0.91 | H37: =G37/E36 -> 0.012558653 | I37: =MAX(G37,0) -> 0.91 | J37: =MAX(-G37,0) -> 0 | K37: =(K36*13+I37)/14 -> 0.51867766 | L37: =(L36*13+J37)/14 -> 0.25386838 | M37: =IF(L37=0,100,100-100/(1+K37/MAX(L37,0.000001))) -> 67.138738 | N37: =AVERAGE(E18:E37) -> 69.6935 | Q37: =Q36+(2/13)*(E37-Q36) -> 71.027171 | R37: =R36+(2/27)*(E37-R36) -> 70.327229 | S37: =Q37-R37 -> 0.69994189 | T37: =T36+(2/10)*(S37-T36) -> 0.14732255 | U37: =S37-T37 -> 0.55261934 | V37: =IF(M37="","",IF(M37<Assumptions!$B$5,"BUY",IF(M37>Assumptions!$B$4,"SELL","HOLD"))) -> HOLD | X37: =IF(T37="","",IF(S37>T37,"BUY","SELL")) -> BUY
A38: 45820 | B38: 75.34 | C38: 75.9 | D38: 75.12 | E38: 75.51 | F38: 25808075 | G38: =E38-E37 -> 2.14 | H38: =G38/E37 -> 0.029167235 | I38: =MAX(G38,0) -> 2.14 | J38: =MAX(-G38,0) -> 0 | K38: =(K37*13+I38)/14 -> 0.6344864 | L38: =(L37*13+J38)/14 -> 0.23573492 | M38: =IF(L38=0,100,100-100/(1+K38/MAX(L38,0.000001))) -> 72.910923 | N38: =AVERAGE(E19:E38) -> 70.0665 | Q38: =Q37+(2/13)*(E38-Q37) -> 71.716837 | R38: =R37+(2/27)*(E38-R37) -> 70.711138 | S38: =Q38-R38 -> 1.0056989 | T38: =T37+(2/10)*(S38-T37) -> 0.31899783 | U38: =S38-T38 -> 0.6867011 | V38: =IF(M38="","",IF(M38<Assumptions!$B$5,"BUY",IF(M38>Assumptions!$B$4,"SELL","HOLD"))) -> SELL | X38: =IF(T38="","",IF(S38>T38,"BUY","SELL")) -> BUY
A39: 45821 | B39: 74.47 | C39: 74.89 | D39: 74.47 | E39: 74.68 | F39: 20933419 | G39: =E39-E38 -> -0.83 | H39: =G39/E38 -> -0.010991922 | I39: =MAX(G39,0) -> 0 | J39: =MAX(-G39,0) -> 0.83 | K39: =(K38*13+I39)/14 -> 0.58916594 | L39: =(L38*13+J39)/14 -> 0.27818243 | M39: =IF(L39=0,100,100-100/(1+K39/MAX(L39,0.000001))) -> 67.927256 | N39: =AVERAGE(E20:E39) -> 70.37 | Q39: =Q38+(2/13)*(E39-Q38) -> 72.172708 | R39: =R38+(2/27)*(E39-R38) -> 71.005128 | S39: =Q39-R39 -> 1.1675804 | T39: =T38+(2/10)*(S39-T38) -> 0.48871434 | U39: =S39-T39 -> 0.67886604 | V39: =IF(M39="","",IF(M39<Assumptions!$B$5,"BUY",IF(M39>Assumptions!$B$4,"SELL","HOLD"))) -> HOLD | X39: =IF(T39="","",IF(S39>T39,"BUY","SELL")) -> BUY
A40: 45824 | B40: 75.45 | C40: 76.21 | D40: 74.95 | E40: 75.58 | F40: 19081733 | G40: =E40-E39 -> 0.9 | H40: =G40/E39 -> 0.012051419 | I40: =MAX(G40,0) -> 0.9 | J40: =MAX(-G40,0) -> 0 | K40: =(K39*13+I40)/14 -> 0.61136838 | L40: =(L39*13+J40)/14 -> 0.25831225 | M40: =IF(L40=0,100,100-100/(1+K40/MAX(L40,0.000001))) -> 70.298033 | N40: =AVERAGE(E21:E40) -> 70.678 | Q40: =Q39+(2/13)*(E40-Q39) -> 72.696907 | R40: =R39+(2/27)*(E40-R39) -> 71.344007 | S40: =Q40-R40 -> 1.3528997 | T40: =T39+(2/10)*(S40-T39) -> 0.6615514 | U40: =S40-T40 -> 0.69134827 | V40: =IF(M40="","",IF(M40<Assumptions!$B$5,"BUY",IF(M40>Assumptions!$B$4,"SELL","HOLD"))) -> SELL | X40: =IF(T40="","",IF(S40>T40,"BUY","SELL")) -> BUY
A41: 45825 | B41: 75.38 | C41: 75.67 | D41: 75.29 | E41: 75.48 | F41: 26999457 | G41: =E41-E40 -> -0.1 | H41: =G41/E40 -> -0.0013231013 | I41: =MAX(G41,0) -> 0 | J41: =MAX(-G41,0) -> 0.1 | K41: =(K40*13+I41)/14 -> 0.56769921 | L41: =(L40*13+J41)/14 -> 0.24700423 | M41: =IF(L41=0,100,100-100/(1+K41/MAX(L41,0.000001))) -> 69.6817 | N41: =AVERAGE(E22:E41) -> 71.0195 | Q41: =Q40+(2/13)*(E41-Q40) -> 73.125075 | R41: =R40+(2/27)*(E41-R40) -> 71.650377 | S41: =Q41-R41 -> 1.474698 | T41: =T40+(2/10)*(S41-T40) -> 0.82418072 | U41: =S41-T41 -> 0.65051728 | V41: =IF(M41="","",IF(M41<Assumptions!$B$5,"BUY",IF(M41>Assumptions!$B$4,"SELL","HOLD"))) -> HOLD | X41: =IF(T41="","",IF(S41>T41,"BUY","SELL")) -> BUY
A42: 45826 | B42: 76.73 | C42: 76.95 | D42: 76.57 | E42: 76.76 | F42: 20704477 | G42: =E42-E41 -> 1.28 | H42: =G42/E41 -> 0.016958135 | I42: =MAX(G42,0) -> 1.28 | J42: =MAX(-G42,0) -> 0 | K42: =(K41*13+I42)/14 -> 0.61857783 | L42: =(L41*13+J42)/14 -> 0.22936107 | M42: =IF(L42=0,100,100-100/(1+K42/MAX(L42,0.000001))) -> 72.950755 | N42: =AVERAGE(E23:E42) -> 71.4055 | Q42: =Q41+(2/13)*(E42-Q41) -> 73.684294 | R42: =R41+(2/27)*(E42-R41) -> 72.028868 | S42: =Q42-R42 -> 1.6554266 | T42: =T41+(2/10)*(S42-T41) -> 0.9904299 | U42: =S42-T42 -> 0.66499672 | V42: =IF(M42="","",IF(M42<Assumptions!$B$5,"BUY",IF(M42>Assumptions!$B$4,"SELL","HOLD"))) -> SELL | X42: =IF(T42="","",IF(S42>T42,"BUY","SELL")) -> BUY
A43: 45827 | B43: 77 | C43: 77.06 | D43: 76.74 | E43: 76.9 | F43: 26852237 | G43: =E43-E42 -> 0.14 | H43: =G43/E42 -> 0.0018238666 | I43: =MAX(G43,0) -> 0.14 | J43: =MAX(-G43,0) -> 0 | K43: =(K42*13+I43)/14 -> 0.5843937 | L43: =(L42*13+J43)/14 -> 0.21297814 | M43: =IF(L43=0,100,100-100/(1+K43/MAX(L43,0.000001))) -> 73.289985 | N43: =AVERAGE(E24:E43) -> 71.835 | Q43: =Q42+(2/13)*(E43-Q42) -> 74.179018 | R43: =R42+(2/27)*(E43-R42) -> 72.389692 | S43: =Q43-R43 -> 1.7893259 | T43: =T42+(2/10)*(S43-T42) -> 1.1502091 | U43: =S43-T43 -> 0.63911684 | V43: =IF(M43="","",IF(M43<Assumptions!$B$5,"BUY",IF(M43>Assumptions!$B$4,"SELL","HOLD"))) -> SELL | X43: =IF(T43="","",IF(S43>T43,"BUY","SELL")) -> BUY
A44: 45828 | B44: 77.79 | C44: 78.12 | D44: 77.52 | E44: 77.82 | F44: 35613284 | G44: =E44-E43 -> 0.92 | H44: =G44/E43 -> 0.011963589 | I44: =MAX(G44,0) -> 0.92 | J44: =MAX(-G44,0) -> 0 | K44: =(K43*13+I44)/14 -> 0.60836558 | L44: =(L43*13+J44)/14 -> 0.19776542 | M44: =IF(L44=0,100,100-100/(1+K44/MAX(L44,0.000001))) -> 75.467335 | N44: =AVERAGE(E25:E44) -> 72.3685 | Q44: =Q43+(2/13)*(E44-Q43) -> 74.739169 | R44: =R43+(2/27)*(E44-R43) -> 72.791937 | S44: =Q44-R44 -> 1.947232 | T44: =T43+(2/10)*(S44-T43) -> 1.3096137 | U44: =S44-T44 -> 0.63761828 | V44: =IF(M44="","",IF(M44<Assumptions!$B$5,"BUY",IF(M44>Assumptions!$B$4,"SELL","HOLD"))) -> SELL | X44: =IF(T44="","",IF(S44>T44,"BUY","SELL")) -> BUY
A45: 45831 | B45: 79.87 | C45: 79.87 | D45: 79.43 | E45: 79.65 | F45: 24302525 | G45: =E45-E44 -> 1.83 | H45: =G45/E44 -> 0.023515806 | I45: =MAX(G45,0) -> 1.83 | J45: =MAX(-G45,0) -> 0 | K45: =(K44*13+I45)/14 -> 0.69562518 | L45: =(L44*13+J45)/14 -> 0.18363932 | M45: =IF(L45=0,100,100-100/(1+K45/MAX(L45,0.000001))) -> 79.11444 | N45: =AVERAGE(E26:E45) -> 72.9895 | Q45: =Q44+(2/13)*(E45-Q44) -> 75.494682 | R45: =R44+(2/27)*(E45-R44) -> 73.299942 | S45: =Q45-R45 -> 2.1947397 | T45: =T44+(2/10)*(S45-T44) -> 1.4866389 | U45: =S45-T45 -> 0.70810084 | V45: =IF(M45="","",IF(M45<Assumptions!$B$5,"BUY",IF(M45>Assumptions!$B$4,"SELL","HOLD"))) -> SELL | X45: =IF(T45="","",IF(S45>T45,"BUY","SELL")) -> BUY
A46: 45832 | B46: 80.29 | C46: 80.55 | D46: 80.29 | E46: 80.42 | F46: 25136739 | G46: =E46-E45 -> 0.77 | H46: =G46/E45 -> 0.0096672944 | I46: =MAX(G46,0) -> 0.77 | J46: =MAX(-G46,0) -> 0 | K46: =(K45*13+I46)/14 -> 0.70093767 | L46: =(L45*13+J46)/14 -> 0.17052222 | M46: =IF(L46=0,100,100-100/(1+K46/MAX(L46,0.000001))) -> 80.43258 | N46: =AVERAGE(E27:E46) -> 73.6375 | Q46: =Q45+(2/13)*(E46-Q45) -> 76.252423 | R46: =R45+(2/27)*(E46-R45) -> 73.827354 | S46: =Q46-R46 -> 2.4250693 | T46: =T45+(2/10)*(S46-T45) -> 1.674325 | U46: =S46-T46 -> 0.75074432 | V46: =IF(M46="","",IF(M46<Assumptions!$B$5,"BUY",IF(M46>Assumptions!$B$4,"SELL","HOLD"))) -> SELL | X46: =IF(T46="","",IF(S46>T46,"BUY","SELL")) -> BUY
A47: 45833 | B47: 80.06 | C47: 80.57 | D47: 79.79 | E47: 80.18 | F47: 38056537 | G47: =E47-E46 -> -0.24 | H47: =G47/E46 -> -0.0029843323 | I47: =MAX(G47,0) -> 0 | J47: =MAX(-G47,0) -> 0.24 | K47: =(K46*13+I47)/14 -> 0.65087069 | L47: =(L46*13+J47)/14 -> 0.17548492 | M47: =IF(L47=0,100,100-100/(1+K47/MAX(L47,0.000001))) -> 78.763995 | N47: =AVERAGE(E28:E47) -> 74.253 | Q47: =Q46+(2/13)*(E47-Q46) -> 76.856666 | R47: =R46+(2/27)*(E47-R46) -> 74.29792 | S47: =Q47-R47 -> 2.5587455 | T47: =T46+(2/10)*(S47-T46) -> 1.8512091 | U47: =S47-T47 -> 0.70753644 | V47: =IF(M47="","",IF(M47<Assumptions!$B$5,"BUY",IF(M47>Assumptions!$B$4,"SELL","HOLD"))) -> SELL | X47: =IF(T47="","",IF(S47>T47,"BUY","SELL")) -> BUY
A48: 45834 | B48: 79.76 | C48: 79.76 | D48: 79.74 | E48: 79.75 | F48: 15822972 | G48: =E48-E47 -> -0.43 | H48: =G48/E47 -> -0.0053629334 | I48: =MAX(G48,0) -> 0 | J48: =MAX(-G48,0) -> 0.43 | K48: =(K47*13+I48)/14 -> 0.60437993 | L48: =(L47*13+J48)/14 -> 0.19366457 | M48: =IF(L48=0,100,100-100/(1+K48/MAX(L48,0.000001))) -> 75.73261 | N48: =AVERAGE(E29:E48) -> 74.8095 | Q48: =Q47+(2/13)*(E48-Q47) -> 77.301794 | R48: =R47+(2/27)*(E48-R47) -> 74.701778 | S48: =Q48-R48 -> 2.6000161 | T48: =T47+(2/10)*(S48-T47) -> 2.0009705 | U48: =S48-T48 -> 0.59904562 | V48: =IF(M48="","",IF(M48<Assumptions!$B$5,"BUY",IF(M48>Assumptions!$B$4,"SELL","HOLD"))) -> SELL | X48: =IF(T48="","",IF(S48>T48,"BUY","SELL")) -> BUY
... A51: 45839 | B51: 81.79 | C51: 81.79 | D51: 81.77 | E51: 81.78 | F51: 32312731 | G51: =E51-E50 -> 1.6 | H51: =G51/E50 -> 0.019955101 | I51: =MAX(G51,0) -> 1.6 | J51: =MAX(-G51,0) -> 0 | K51: =(K50*13+I51)/14 -> 0.68109428 | L51: =(L50*13+J51)/14 -> 0.20556161 | M51: =IF(L51=0,100,100-100/(1+K51/MAX(L51,0.000001))) -> 76.816078 | N51: =AVERAGE(E32:E51) -> 76.214 | Q51: =Q50+(2/13)*(E51-Q50) -> 78.544774 | R51: =R50+(2/27)*(E51-R50) -> 75.870346 | S51: =Q51-R51 -> 2.6744277 | T51: =T50+(2/10)*(S51-T50) -> 2.2935942 | U51: =S51-T51 -> 0.38083358 | V51: =IF(M51="","",IF(M51<Assumptions!$B$5,"BUY",IF(M51>Assumptions!$B$4,"SELL","HOLD"))) -> SELL | X51: =IF(T51="","",IF(S51>T51,"BUY","SELL")) -> BUY
A52: 45840 | B52: 81.46 | C52: 81.52 | D52: 81.46 | E52: 81.49 | F52: 25893089 | G52: =E52-E51 -> -0.29 | H52: =G52/E51 -> -0.0035460993 | I52: =MAX(G52,0) -> 0 | J52: =MAX(-G52,0) -> 0.29 | K52: =(K51*13+I52)/14 -> 0.63244469 | L52: =(L51*13+J52)/14 -> 0.21159292 | M52: =IF(L52=0,100,100-100/(1+K52/MAX(L52,0.000001))) -> 74.930866 | N52: =AVERAGE(E33:E52) -> 76.6865 | O52: =AVERAGE(E3:E52) -> 72.2648 | Q52: =Q51+(2/13)*(E52-Q51) -> 78.997885 | R52: =R51+(2/27)*(E52-R51) -> 76.286617 | S52: =Q52-R52 -> 2.7112688 | T52: =T51+(2/10)*(S52-T51) -> 2.3771291 | U52: =S52-T52 -> 0.33413972 | V52: =IF(M52="","",IF(M52<Assumptions!$B$5,"BUY",IF(M52>Assumptions!$B$4,"SELL","HOLD"))) -> SELL | W52: =IF(O52="","",IF(E52>O52,"BUY","SELL")) -> BUY | X52: =IF(T52="","",IF(S52>T52,"BUY","SELL")) -> BUY | Y52: =IF(OR(V52="",W52="",X52=""),"",IFERROR(IF(V52="BUY",1,IF(V52="SELL",-1,0))+IF(W52="BUY",1,IF(W52="SELL",-1,0))+IF(X52="BUY",1,IF(X52="SELL",-1,0)),0)) -> 1 | Z52: =IF(Y52="","",IF(Y52>=2,"STRONG BUY",IF(Y52=1,"BUY",IF(Y52=0,"HOLD",IF(Y52=-1,"SELL","STRONG SELL"))))) -> BUY
A53: 45841 | B53: 79.38 | C53: 79.38 | D53: 79.26 | E53: 79.32 | F53: 21031920 | G53: =E53-E52 -> -2.17 | H53: =G53/E52 -> -0.026629034 | I53: =MAX(G53,0) -> 0 | J53: =MAX(-G53,0) -> 2.17 | K53: =(K52*13+I53)/14 -> 0.58727007 | L53: =(L52*13+J53)/14 -> 0.35147914 | M53: =IF(L53=0,100,100-100/(1+K53/MAX(L53,0.000001))) -> 62.558782 | N53: =AVERAGE(E34:E53) -> 77.1285 | O53: =AVERAGE(E4:E53) -> 72.4812 | Q53: =Q52+(2/13)*(E53-Q52) -> 79.047442 | R53: =R52+(2/27)*(E53-R52) -> 76.511312 | S53: =Q53-R53 -> 2.5361298 | T53: =T52+(2/10)*(S53-T52) -> 2.4089292 | U53: =S53-T53 -> 0.12720059 | V53: =IF(M53="","",IF(M53<Assumptions!$B$5,"BUY",IF(M53>Assumptions!$B$4,"SELL","HOLD"))) -> HOLD | W53: =IF(O53="","",IF(E53>O53,"BUY","SELL")) -> BUY | X53: =IF(T53="","",IF(S53>T53,"BUY","SELL")) -> BUY | Y53: =IF(OR(V53="",W53="",X53=""),"",IFERROR(IF(V53="BUY",1,IF(V53="SELL",-1,0))+IF(W53="BUY",1,IF(W53="SELL",-1,0))+IF(X53="BUY",1,IF(X53="SELL",-1,0)),0)) -> 2 | Z53: =IF(Y53="","",IF(Y53>=2,"STRONG BUY",IF(Y53=1,"BUY",IF(Y53=0,"HOLD",IF(Y53=-1,"SELL","STRONG SELL"))))) -> STRONG BUY
A54: 45842 | B54: 78.38 | C54: 79.4 | D54: 77.76 | E54: 78.58 | F54: 38234121 | G54: =E54-E53 -> -0.74 | H54: =G54/E53 -> -0.009329299 | I54: =MAX(G54,0) -> 0 | J54: =MAX(-G54,0) -> 0.74 | K54: =(K53*13+I54)/14 -> 0.54532221 | L54: =(L53*13+J54)/14 -> 0.37923063 | M54: =IF(L54=0,100,100-100/(1+K54/MAX(L54,0.000001))) -> 58.982265 | N54: =AVERAGE(E35:E54) -> 77.528 | O54: =AVERAGE(E5:E54) -> 72.687 | Q54: =Q53+(2/13)*(E54-Q53) -> 78.975527 | R54: =R53+(2/27)*(E54-R53) -> 76.664548 | S54: =Q54-R54 -> 2.3109796 | T54: =T53+(2/10)*(S54-T53) -> 2.3893393 | U54: =S54-T54 -> -0.078359728 | V54: =IF(M54="","",IF(M54<Assumptions!$B$5,"BUY",IF(M54>Assumptions!$B$4,"SELL","HOLD"))) -> HOLD | W54: =IF(O54="","",IF(E54>O54,"BUY","SELL")) -> BUY | X54: =IF(T54="","",IF(S54>T54,"BUY","SELL")) -> SELL | Y54: =IF(OR(V54="",W54="",X54=""),"",IFERROR(IF(V54="BUY",1,IF(V54="SELL",-1,0))+IF(W54="BUY",1,IF(W54="SELL",-1,0))+IF(X54="BUY",1,IF(X54="SELL",-1,0)),0)) -> 0 | Z54: =IF(Y54="","",IF(Y54>=2,"STRONG BUY",IF(Y54=1,"BUY",IF(Y54=0,"HOLD",IF(Y54=-1,"SELL","STRONG SELL"))))) -> HOLD
A55: 45845 | B55: 79.4 | C55: 79.76 | D55: 78.44 | E55: 79.1 | F55: 41398055 | G55: =E55-E54 -> 0.52 | H55: =G55/E54 -> 0.0066174599 | I55: =MAX(G55,0) -> 0.52 | J55: =MAX(-G55,0) -> 0 | K55: =(K54*13+I55)/14 -> 0.54351348 | L55: =(L54*13+J55)/14 -> 0.35214273 | M55: =IF(L55=0,100,100-100/(1+K55/MAX(L55,0.000001))) -> 60.68327 | N55: =AVERAGE(E36:E55) -> 77.897 | O55: =AVERAGE(E6:E55) -> 72.8938 | Q55: =Q54+(2/13)*(E55-Q54) -> 78.994677 | R55: =R54+(2/27)*(E55-R54) -> 76.844952 | S55: =Q55-R55 -> 2.1497253 | T55: =T54+(2/10)*(S55-T54) -> 2.3414165 | U55: =S55-T55 -> -0.19169117 | V55: =IF(M55="","",IF(M55<Assumptions!$B$5,"BUY",IF(M55>Assumptions!$B$4,"SELL","HOLD"))) -> HOLD | W55: =IF(O55="","",IF(E55>O55,"BUY","SELL")) -> BUY | X55: =IF(T55="","",IF(S55>T55,"BUY","SELL")) -> SELL | Y55: =IF(OR(V55="",W55="",X55=""),"",IFERROR(IF(V55="BUY",1,IF(V55="SELL",-1,0))+IF(W55="BUY",1,IF(W55="SELL",-1,0))+IF(X55="BUY",1,IF(X55="SELL",-1,0)),0)) -> 0 | Z55: =IF(Y55="","",IF(Y55>=2,"STRONG BUY",IF(Y55=1,"BUY",IF(Y55=0,"HOLD",IF(Y55=-1,"SELL","STRONG SELL"))))) -> HOLD
A56: 45846 | B56: 77.89 | C56: 78.25 | D56: 77.73 | E56: 77.99 | F56: 20423123 | G56: =E56-E55 -> -1.11 | H56: =G56/E55 -> -0.01403287 | I56: =MAX(G56,0) -> 0 | J56: =MAX(-G56,0) -> 1.11 | K56: =(K55*13+I56)/14 -> 0.50469109 | L56: =(L55*13+J56)/14 -> 0.40627539 | M56: =IF(L56=0,100,100-100/(1+K56/MAX(L56,0.000001))) -> 55.401719 | N56: =AVERAGE(E37:E56) -> 78.1735 | O56: =AVERAGE(E7:E56) -> 73.086 | Q56: =Q55+(2/13)*(E56-Q55) -> 78.840111 | R56: =R55+(2/27)*(E56-R55) -> 76.92977 | S56: =Q56-R56 -> 1.9103412 | T56: =T55+(2/10)*(S56-T55) -> 2.2552015 | U56: =S56-T56 -> -0.34486021 | V56: =IF(M56="","",IF(M56<Assumptions!$B$5,"BUY",IF(M56>Assumptions!$B$4,"SELL","HOLD"))) -> HOLD | W56: =IF(O56="","",IF(E56>O56,"BUY","SELL")) -> BUY | X56: =IF(T56="","",IF(S56>T56,"BUY","SELL")) -> SELL | Y56: =IF(OR(V56="",W56="",X56=""),"",IFERROR(IF(V56="BUY",1,IF(V56="SELL",-1,0))+IF(W56="BUY",1,IF(W56="SELL",-1,0))+IF(X56="BUY",1,IF(X56="SELL",-1,0)),0)) -> 0 | Z56: =IF(Y56="","",IF(Y56>=2,"STRONG BUY",IF(Y56=1,"BUY",IF(Y56=0,"HOLD",IF(Y56=-1,"SELL","STRONG SELL"))))) -> HOLD
A57: 45847 | B57: 75.99 | C57: 76.04 | D57: 75.44 | E57: 75.74 | F57: 12044727 | G57: =E57-E56 -> -2.25 | H57: =G57/E56 -> -0.028849853 | I57: =MAX(G57,0) -> 0 | J57: =MAX(-G57,0) -> 2.25 | K57: =(K56*13+I57)/14 -> 0.46864172 | L57: =(L56*13+J57)/14 -> 0.53797001 | M57: =IF(L57=0,100,100-100/(1+K57/MAX(L57,0.000001))) -> 46.556354 | N57: =AVERAGE(E38:E57) -> 78.292 | O57: =AVERAGE(E8:E57) -> 73.2218 | Q57: =Q56+(2/13)*(E57-Q56) -> 78.363171 | R57: =R56+(2/27)*(E57-R56) -> 76.841639 | S57: =Q57-R57 -> 1.5215322 | T57: =T56+(2/10)*(S57-T56) -> 2.1084676 | U57: =S57-T57 -> -0.58693544 | V57: =IF(M57="","",IF(M57<Assumptions!$B$5,"BUY",IF(M57>Assumptions!$B$4,"SELL","HOLD"))) -> HOLD | W57: =IF(O57="","",IF(E57>O57,"BUY","SELL")) -> BUY | X57: =IF(T57="","",IF(S57>T57,"BUY","SELL")) -> SELL | Y57: =IF(OR(V57="",W57="",X57=""),"",IFERROR(IF(V57="BUY",1,IF(V57="SELL",-1,0))+IF(W57="BUY",1,IF(W57="SELL",-1,0))+IF(X57="BUY",1,IF(X57="SELL",-1,0)),0)) -> 0 | Z57: =IF(Y57="","",IF(Y57>=2,"STRONG BUY",IF(Y57=1,"BUY",IF(Y57=0,"HOLD",IF(Y57=-1,"SELL","STRONG SELL"))))) -> HOLD
A58: 45848 | B58: 75.7 | C58: 75.88 | D58: 74.6 | E58: 75.24 | F58: 33862711 | G58: =E58-E57 -> -0.5 | H58: =G58/E57 -> -0.0066015316 | I58: =MAX(G58,0) -> 0 | J58: =MAX(-G58,0) -> 0.5 | K58: =(K57*13+I58)/14 -> 0.43516731 | L58: =(L57*13+J58)/14 -> 0.53525786 | M58: =IF(L58=0,100,100-100/(1+K58/MAX(L58,0.000001))) -> 44.842954 | N58: =AVERAGE(E39:E58) -> 78.2785 | O58: =AVERAGE(E9:E58) -> 73.339 | Q58: =Q57+(2/13)*(E58-Q57) -> 77.882683 | R58: =R57+(2/27)*(E58-R57) -> 76.722999 | S58: =Q58-R58 -> 1.1596842 | T58: =T57+(2/10)*(S58-T57) -> 1.9187109 | U58: =S58-T58 -> -0.75902671 | V58: =IF(M58="","",IF(M58<Assumptions!$B$5,"BUY",IF(M58>Assumptions!$B$4,"SELL","HOLD"))) -> HOLD | W58: =IF(O58="","",IF(E58>O58,"BUY","SELL")) -> BUY | X58: =IF(T58="","",IF(S58>T58,"BUY","SELL")) -> SELL | Y58: =IF(OR(V58="",W58="",X58=""),"",IFERROR(IF(V58="BUY",1,IF(V58="SELL",-1,0))+IF(W58="BUY",1,IF(W58="SELL",-1,0))+IF(X58="BUY",1,IF(X58="SELL",-1,0)),0)) -> 0 | Z58: =IF(Y58="","",IF(Y58>=2,"STRONG BUY",IF(Y58=1,"BUY",IF(Y58=0,"HOLD",IF(Y58=-1,"SELL","STRONG SELL"))))) -> HOLD
A59: 45849 | B59: 73.16 | C59: 73.16 | D59: 72.8 | E59: 72.98 | F59: 31775064 | G59: =E59-E58 -> -2.26 | H59: =G59/E58 -> -0.030037214 | I59: =MAX(G59,0) -> 0 | J59: =MAX(-G59,0) -> 2.26 | K59: =(K58*13+I59)/14 -> 0.40408393 | L59: =(L58*13+J59)/14 -> 0.65845373 | M59: =IF(L59=0,100,100-100/(1+K59/MAX(L59,0.000001))) -> 38.030081 | N59: =AVERAGE(E40:E59) -> 78.1935 | O59: =AVERAGE(E10:E59) -> 73.399 | Q59: =Q58+(2/13)*(E59-Q58) -> 77.128424 | R59: =R58+(2/27)*(E59-R58) -> 76.44574 | S59: =Q59-R59 -> 0.68268443 | T59: =T58+(2/10)*(S59-T58) -> 1.6715056 | U59: =S59-T59 -> -0.98882119 | V59: =IF(M59="","",IF(M59<Assumptions!$B$5,"BUY",IF(M59>Assumptions!$B$4,"SELL","HOLD"))) -> HOLD | W59: =IF(O59="","",IF(E59>O59,"BUY","SELL")) -> SELL | X59: =IF(T59="","",IF(S59>T59,"BUY","SELL")) -> SELL | Y59: =IF(OR(V59="",W59="",X59=""),"",IFERROR(IF(V59="BUY",1,IF(V59="SELL",-1,0))+IF(W59="BUY",1,IF(W59="SELL",-1,0))+IF(X59="BUY",1,IF(X59="SELL",-1,0)),0)) -> -2 | Z59: =IF(Y59="","",IF(Y59>=2,"STRONG BUY",IF(Y59=1,"BUY",IF(Y59=0,"HOLD",IF(Y59=-1,"SELL","STRONG SELL"))))) -> STRONG SELL
A60: 45852 | B60: 73.26 | C60: 73.42 | D60: 73.26 | E60: 73.34 | F60: 36227036 | G60: =E60-E59 -> 0.36 | H60: =G60/E59 -> 0.0049328583 | I60: =MAX(G60,0) -> 0.36 | J60: =MAX(-G60,0) -> 0 | K60: =(K59*13+I60)/14 -> 0.40093508 | L60: =(L59*13+J60)/14 -> 0.61142132 | M60: =IF(L60=0,100,100-100/(1+K60/MAX(L60,0.000001))) -> 39.604143 | N60: =AVERAGE(E41:E60) -> 78.0815 | O60: =AVERAGE(E11:E60) -> 73.4356 | Q60: =Q59+(2/13)*(E60-Q59) -> 76.54559 | R60: =R59+(2/27)*(E60-R59) -> 76.215685 | S60: =Q60-R60 -> 0.32990473 | T60: =T59+(2/10)*(S60-T59) -> 1.4031854 | U60: =S60-T60 -> -1.0732807 | V60: =IF(M60="","",IF(M60<Assumptions!$B$5,"BUY",IF(M60>Assumptions!$B$4,"SELL","HOLD"))) -> HOLD | W60: =IF(O60="","",IF(E60>O60,"BUY","SELL")) -> SELL | X60: =IF(T60="","",IF(S60>T60,"BUY","SELL")) -> SELL | Y60: =IF(OR(V60="",W60="",X60=""),"",IFERROR(IF(V60="BUY",1,IF(V60="SELL",-1,0))+IF(W60="BUY",1,IF(W60="SELL",-1,0))+IF(X60="BUY",1,IF(X60="SELL",-1,0)),0)) -> -2 | Z60: =IF(Y60="","",IF(Y60>=2,"STRONG BUY",IF(Y60=1,"BUY",IF(Y60=0,"HOLD",IF(Y60=-1,"SELL","STRONG SELL"))))) -> STRONG SELL
A61: 45853 | B61: 72.71 | C61: 73.11 | D61: 72.71 | E61: 72.91 | F61: 26245092 | G61: =E61-E60 -> -0.43 | H61: =G61/E60 -> -0.0058631034 | I61: =MAX(G61,0) -> 0 | J61: =MAX(-G61,0) -> 0.43 | K61: =(K60*13+I61)/14 -> 0.37229686 | L61: =(L60*13+J61)/14 -> 0.59846266 | M61: =IF(L61=0,100,100-100/(1+K61/MAX(L61,0.000001))) -> 38.351091 | N61: =AVERAGE(E42:E61) -> 77.953 | O61: =AVERAGE(E12:E61) -> 73.4696 | Q61: =Q60+(2/13)*(E61-Q60) -> 75.986268 | R61: =R60+(2/27)*(E61-R60) -> 75.97082 | S61: =Q61-R61 -> 0.015448782 | T61: =T60+(2/10)*(S61-T60) -> 1.1256381 | U61: =S61-T61 -> -1.1101893 | V61: =IF(M61="","",IF(M61<Assumptions!$B$5,"BUY",IF(M61>Assumptions!$B$4,"SELL","HOLD"))) -> HOLD | W61: =IF(O61="","",IF(E61>O61,"BUY","SELL")) -> SELL | X61: =IF(T61="","",IF(S61>T61,"BUY","SELL")) -> SELL | Y61: =IF(OR(V61="",W61="",X61=""),"",IFERROR(IF(V61="BUY",1,IF(V61="SELL",-1,0))+IF(W61="BUY",1,IF(W61="SELL",-1,0))+IF(X61="BUY",1,IF(X61="SELL",-1,0)),0)) -> -2 | Z61: =IF(Y61="","",IF(Y61>=2,"STRONG BUY",IF(Y61=1,"BUY",IF(Y61=0,"HOLD",IF(Y61=-1,"SELL","STRONG SELL"))))) -> STRONG SELL
A62: 45854 | B62: 72.95 | C62: 73.19 | D62: 72.77 | E62: 72.98 | F62: 22130256 | G62: =E62-E61 -> 0.07 | H62: =G62/E61 -> 0.00096008778 | I62: =MAX(G62,0) -> 0.07 | J62: =MAX(-G62,0) -> 0 | K62: =(K61*13+I62)/14 -> 0.35070423 | L62: =(L61*13+J62)/14 -> 0.55571532 | M62: =IF(L62=0,100,100-100/(1+K62/MAX(L62,0.000001))) -> 38.691159 | N62: =AVERAGE(E43:E62) -> 77.764 | O62: =AVERAGE(E13:E62) -> 73.5384 | Q62: =Q61+(2/13)*(E62-Q61) -> 75.523765 | R62: =R61+(2/27)*(E62-R61) -> 75.749277 | S62: =Q62-R62 -> -0.22551185 | T62: =T61+(2/10)*(S62-T61) -> 0.85540812 | U62: =S62-T62 -> -1.08092 | V62: =IF(M62="","",IF(M62<Assumptions!$B$5,"BUY",IF(M62>Assumptions!$B$4,"SELL","HOLD"))) -> HOLD | W62: =IF(O62="","",IF(E62>O62,"BUY","SELL")) -> SELL | X62: =IF(T62="","",IF(S62>T62,"BUY","SELL")) -> SELL | Y62: =IF(OR(V62="",W62="",X62=""),"",IFERROR(IF(V62="BUY",1,IF(V62="SELL",-1,0))+IF(W62="BUY",1,IF(W62="SELL",-1,0))+IF(X62="BUY",1,IF(X62="SELL",-1,0)),0)) -> -2 | Z62: =IF(Y62="","",IF(Y62>=2,"STRONG BUY",IF(Y62=1,"BUY",IF(Y62=0,"HOLD",IF(Y62=-1,"SELL","STRONG SELL"))))) -> STRONG SELL
A63: 45855 | B63: 74.36 | C63: 74.67 | D63: 74.17 | E63: 74.42 | F63: 14894155 | G63: =E63-E62 -> 1.44 | H63: =G63/E62 -> 0.019731433 | I63: =MAX(G63,0) -> 1.44 | J63: =MAX(-G63,0) -> 0 | K63: =(K62*13+I63)/14 -> 0.42851107 | L63: =(L62*13+J63)/14 -> 0.51602137 | M63: =IF(L63=0,100,100-100/(1+K63/MAX(L63,0.000001))) -> 45.367533 | N63: =AVERAGE(E44:E63) -> 77.64 | O63: =AVERAGE(E14:E63) -> 73.6374 | Q63: =Q62+(2/13)*(E63-Q62) -> 75.353955 | R63: =R62+(2/27)*(E63-R62) -> 75.650812 | S63: =Q63-R63 -> -0.29685693 | T63: =T62+(2/10)*(S63-T62) -> 0.62495511 | U63: =S63-T63 -> -0.92181204 | V63: =IF(M63="","",IF(M63<Assumptions!$B$5,"BUY",IF(M63>Assumptions!$B$4,"SELL","HOLD"))) -> HOLD | W63: =IF(O63="","",IF(E63>O63,"BUY","SELL")) -> BUY | X63: =IF(T63="","",IF(S63>T63,"BUY","SELL")) -> SELL | Y63: =IF(OR(V63="",W63="",X63=""),"",IFERROR(IF(V63="BUY",1,IF(V63="SELL",-1,0))+IF(W63="BUY",1,IF(W63="SELL",-1,0))+IF(X63="BUY",1,IF(X63="SELL",-1,0)),0)) -> 0 | Z63: =IF(Y63="","",IF(Y63>=2,"STRONG BUY",IF(Y63=1,"BUY",IF(Y63=0,"HOLD",IF(Y63=-1,"SELL","STRONG SELL"))))) -> HOLD
